id,exerciseId,ratingELO,rd
64898,10760,736,338.15891451597406
64190,10761,1095,201.68275297466167
64288,10766,787,258.0996776674446
64381,10767,1412,255.8033208322002
62304,10770,1156,294.200948944401
64169,10771,1207,194.00200280723195
64694,10772,952,269.0364565228578
63823,10773,946,248.03477875202748
64287,10774,1030,205.7020288783479
63824,10775,807,296.12315975845763
64162,10776,1155,208.60731624593407
64193,10777,906,223.1004305431183
64884,10779,676,293.06006107340784
64859,10780,601,307.95910062027707
55774,10857,1092,146.31955307805424
55703,10880,1006,173.54811658394416
55339,10882,840,199.87902343894234
64276,10884,725,312.49534379263406
62723,10885,1037,259.8069331618386
64882,10887,1222,268.44753703986976
60658,10888,621,185.68727344747998
64277,10889,561,332.1454207328472
62592,10890,1034,257.01559847601396
62732,10895,866,243.08518420785305
64059,10896,562,312.1215115623828
61176,10924,668,136.1326114340165
61854,10927,803,266.3400684449168
62662,10928,1003,253.02263260032882
61856,10929,803,266.3400684449168
61857,10930,768,270.53107505344434
61858,10931,731,275.59667501088524
61859,10932,803,266.3400684449168
61860,10933,1154,272.5242911937241
62749,10937,1195,262.97329149574904
59265,10938,837,294.4722062620386
61980,10942,529,324.6391206131639
56251,10947,682,233.39669452641485
56326,10982,1054,306.8633789039841
56422,10985,1060,303.3171967890168
58625,10986,541,271.5335225359044
59185,10987,739,255.2357987040329
64194,11208,876,256.8590800995108
60301,11348,781,251.4939960389676
61465,11353,1285,252.4857245682957
64883,11385,1415,248.17235431057753
65800,11387,805,267.484050984221
61104,11420,1131,150.6417596534527
62161,11421,1059,290.8170636722905
58088,11422,721,169.83190951164423
59983,11423,415,226.71784450637685
56420,11424,471,212.6006390858671
61072,11425,803,259.3884513914516
60347,11426,773,129.1769935641872
62184,11589,1060,306.44184887567667
62202,11595,748,276.7228044066785
62226,11600,1246,259.67395980678185
61886,11602,837,294.4722062620386
61978,11605,864,283.557166706485
62196,11615,1162,294.4722062620386
62233,11619,1054,290.7327884622019
62017,11622,841,272.5950928274323
62612,11885,792,258.6230437134151
63128,11889,1165,256.6030067784518
65775,11899,663,337.5888567830081
61853,11900,803,266.3400684449168
61861,11901,803,266.3400684449168
66012,11903,975,164.10315162336317
63003,11967,1180,261.2826063870185
65777,11974,679,327.46177465491786
64103,12072,1162,294.4722062620386
64034,12080,840,266.2442797431034
63392,12118,1268,256.98997688257754
63271,12119,1252,246.68336753668555
63421,12124,843,267.0699967453014
64351,12127,1099,291.85850460890396
64159,12128,937,251.8236272604328
64769,12129,1282,206.54346986040355
66042,12130,701,341.98670088895636
65577,12132,715,333.25024075941354
66141,12133,934,210.6602470430309
66089,12134,1187,218.60279093036766
63776,12135,1187,276.69521113972075
64751,12136,914,285.18186161365065
63422,12138,1085,229.7396423304041
63468,12140,994,233.68857228672053
63724,12144,880,279.86673592357863
64097,12146,1162,294.4722062620386
64168,12149,990,267.5690933386509
63407,12150,1101,202.7622523716728
65892,12151,1295,257.3755487338756
63858,12152,1162,294.4722062620386
66076,12153,1162,285.6638097185982
66116,12154,553,342.18126597524076
66142,12155,779,218.08373666373578
66156,12156,707,283.1659196206466
63313,12158,941,306.1258646078804
66117,12159,664,342.67424215420283
63394,12167,720,233.58972094991438
63843,12171,682,288.62126060308964
64222,12172,768,251.8369895539969
66027,12173,688,343.12827268995545
64809,12174,940,304.1469245660351
63969,12175,790,260.8921964849032
65985,12176,825,189.1690505700584
63777,12177,660,238.75607026022553
66091,12178,959,315.31588229127533
65945,12179,1263,154.81788133157121
66179,12180,880,269.71914262618463
63736,12181,696,284.64460731562747
66119,12182,923,288.3404138332739
65962,12185,758,267.86473986411085
64249,12186,887,254.72101280358916
64385,12190,855,243.0510636554213
64662,12192,700,328.2013100695827
64114,12195,1317,234.66798604469273
65774,12211,630,336.1889950692657
65311,12212,1007,194.57702291518385
63650,12213,877,277.6272659465311
66028,12249,967,322.89421366580996
66120,12257,933,297.28743391287867
65111,12335,722,238.94025653489413
48574,1710,1128,96.92452531947224
65778,1711,979,209.23105446303052
65252,1712,1324,217.58687496488938
65975,1713,1288,154.3382229356718
65522,1714,879,245.3446616211601
64756,1715,1205,264.1396199249244
48666,1716,1315,152.35940778984005
65895,1717,1509,166.77649214767297
65927,1718,1116,206.59160555314597
65976,1719,875,270.0818737358172
65256,1720,950,246.2144571403136
26554,1721,1119,218.09949204837795
29403,1722,1321,140.0610848891097
29296,1723,951,147.4017366077165
30982,1724,1032,203.02255690528148
29710,1725,1112,230.80442469242297
27997,1726,614,210.600030705847
31503,1727,1136,205.48063085220357
31456,1728,660,192.35628848605901
31191,1729,1011,179.34156612455533
27850,1730,888,197.56579079173318
48170,1731,1016,176.95391988743347
49474,1732,1007,99.18514135299979
49526,1733,1015,117.98550036422996
49531,1734,950,118.34426274864542
49036,1735,780,180.03699983326234
48430,1736,886,106.9324644893851
48723,1737,776,99.27687280682562
61892,1738,679,304.98231749791603
48684,1739,834,97.67213464224157
64195,1740,1166,213.6401610405331
55482,1741,850,251.9821407851141
48553,1742,1332,148.34945753750884
63807,1743,797,264.049765798832
66017,1744,1146,288.104074314633
64151,1745,784,243.38788215454804
66047,1746,651,338.2724607327024
66048,1747,1086,287.57317734575514
65897,1748,1231,192.33447251275828
62636,1749,668,271.2082847362128
62597,1750,789,255.40846805742623
64025,1751,874,184.65832825935647
66049,1752,927,325.30133162253236
62576,1753,1159,267.29279045909755
66159,1754,862,232.08532382266603
65898,1755,1110,290.75983613897927
65780,1756,1183,188.76209790888595
65264,1757,1262,208.11060004578752
65834,1758,937,239.4252441057632
31413,1759,1170,267.5224302391758
48403,1760,967,138.174240574797
63007,1761,1008,201.18136490095617
64384,1762,1010,287.7045505617151
65284,1763,984,214.37074414400874
63830,1764,1105,196.22888043759355
49756,1765,1186,245.77212551993404
65977,1766,1707,211.69093568743028
48199,1767,1157,136.3035447583592
64179,1768,907,206.62831826591355
64196,1769,863,227.88474434466914
46208,1770,660,174.1692219445442
49419,1771,1286,174.86120234991836
64197,1772,1216,221.69999898663025
65978,1773,1273,154.33279252675527
65265,1774,753,307.99548459310995
64931,1775,1116,293.0083030994473
48561,1776,1066,149.53140866145608
49128,1777,676,141.1338954177601
66018,1778,1301,264.1460200495365
66160,1779,1037,185.3345596914945
49483,1780,906,136.24673911843257
50240,1781,876,248.90053855269412
65979,1782,828,295.2088118675551
49067,1783,996,115.40096737758816
65267,1784,1249,207.64178357390583
63134,1785,1239,261.67617914580114
65268,1786,1219,189.88650943688938
65437,1787,1133,171.02319181826422
64171,1788,975,252.30046799280893
47409,1789,997,134.16213310763462
66050,1790,786,326.6070326964941
65915,1791,1003,206.098526775176
65274,1792,1219,189.8895417086394
64211,1793,999,277.8430379223875
63125,1794,1050,290.6622301403428
49555,1795,1307,124.15482864178811
48225,1796,963,116.42962747442647
64143,1797,1044,218.1962694123026
65980,1798,720,314.546583162924
49005,1799,948,110.93003513083815
65481,1800,1186,186.23578548609385
64355,1801,954,290.5824395472054
65929,1802,1134,176.77512169137165
64866,1803,740,304.77360129468167
63374,1804,794,307.5693366012892
57069,1805,1253,166.1416092200487
65795,1806,652,321.71424606206807
64361,1807,916,262.24766901924374
66052,1808,1091,265.34928752440743
65981,1809,1157,184.80085008945306
65765,1810,1287,195.91121539525503
65901,1811,1622,171.2943119112609
51551,1812,992,258.96135342201984
63757,1813,1433,314.0461078243053
66038,1814,1530,247.60334976768266
65810,1815,1187,205.95328996465312
65075,1816,895,257.1998967453248
65258,1817,1279,206.8818994751203
48484,1818,870,102.11566029097052
51024,1819,780,132.5982637742528
49556,1820,1109,113.30884820900621
49539,1821,1091,109.94138895996959
49763,1822,983,251.5853982784758
65257,1823,486,344.3722420277906
48839,1824,1187,160.2560994883391
49499,1825,837,112.86523821822986
48045,1826,856,168.48649823194827
47434,1827,980,112.67088031324725
64740,1828,796,328.7192693524464
47435,1829,709,141.83373328195623
49363,1830,956,124.66253065539233
48917,1831,1052,182.19153197738652
64373,1832,1436,256.0311687222714
48420,1833,868,118.96954302201019
63957,1834,1314,294.6338289084136
29100,1835,473,175.23632198325342
65838,1836,1555,206.2526195842646
65811,1837,902,287.99064939623423
48204,1838,1157,124.85884872892144
61824,1839,506,290.6192174443079
65430,1840,1169,185.41292882856112
64011,1841,1270,279.36708500309555
64182,1842,1117,236.51688885487434
65784,1843,1058,211.70416822069686
63758,1844,828,294.9684893468961
64388,1845,418,342.4975760389384
66023,1846,1093,246.7426232581824
65916,1847,845,284.47502808213716
65840,1848,1204,194.7374089487192
66183,1849,1061,243.42810566968157
65253,1850,1072,187.2269580424817
65767,1851,1323,223.25066871782053
65445,1852,1463,250.3074350988976
65785,1853,1398,237.73492124912
64721,1854,1079,232.98921038008194
48790,1855,1022,133.70572703687645
61611,1856,580,182.06989175916917
46697,1857,751,129.01787424345443
66054,1858,1222,178.90830885490024
63937,1859,487,293.65896991284916
65273,1860,1248,207.61334804526325
59355,1861,1415,254.6208639764074
65982,1862,952,233.07329853256553
62989,1863,990,231.01549161623538
64175,1864,1037,247.4310515343419
65841,1865,893,243.72966370649917
66055,1866,1475,250.38429816649102
49558,1867,806,145.38347968067944
65842,1868,751,286.338643986158
66024,1869,976,313.0457027172688
66025,1870,1240,192.42884966685054
61813,1871,1020,273.18147946359414
65259,1872,797,322.1771805136712
63916,1873,1112,251.09311312347617
64201,1874,552,242.87584016883204
48797,1875,1133,157.21265176557563
66184,1876,760,299.03231869246207
65931,1877,1188,201.7766282847058
64376,1878,1004,287.5366364929063
64389,1879,1163,261.64743480582297
64869,1880,817,331.29068622572356
64228,1881,1186,289.66230410619477
64164,1882,924,231.85518492131368
64870,1883,1524,252.74473902181063
64178,1884,954,261.45741769480645
63864,1885,704,303.0601708424446
64742,1886,475,346.0343788600651
65505,1887,1203,185.28755653664615
51025,1888,1041,119.50377344511104
64166,1889,1115,245.34682878283638
47715,1890,1257,115.09840089768905
60846,1891,1010,184.06688853892413
47437,1892,1059,105.32346971215665
46115,1893,1323,98.7333309051263
64391,1894,568,340.4451360229699
49479,1895,906,102.57067808509042
49462,1896,908,115.95394742720524
66026,1897,1131,290.5755163785892
63623,1898,814,295.72460208354755
49616,1899,791,159.06787582708577
65786,1900,1154,159.68558233178612
65602,1901,838,330.3586642288101
65787,1902,1101,180.71966338355924
63958,1903,1146,268.43690043284516
63918,1905,1173,230.8867364569177
65918,1906,1125,169.63412005142953
64377,1907,806,318.012731811299
64378,1908,1370,245.3292812729554
49485,1909,1114,168.9032163261113
65932,1910,1054,180.12196698012727
65919,1911,1236,183.2950445155488
65504,1912,682,296.46624381023184
64075,1913,927,211.60501169754758
65788,1914,1304,168.50400323292524
66056,1915,1110,260.4151875131987
63865,1916,1256,300.1857389668689
64029,1917,492,289.25877843660794
65830,1918,1191,199.7819703127365
65846,1919,1253,227.9886766778438
65983,1920,1433,224.82875048871554
65789,1921,1152,192.2716391642153
65531,1922,1348,204.48992309997982
65890,1923,1372,172.38438480833776
46889,1924,904,131.41132388169817
47413,1925,711,139.54382006563273
48698,1926,800,162.91424417237567
61716,1927,750,155.51324944702895
49076,1928,603,157.85532433380598
49617,1929,648,128.93443126052594
47530,1930,499,215.4102561838086
63812,1931,885,252.95322045655018
64649,1932,1353,237.915985974804
29426,1933,1067,183.57412563569963
29167,1934,1110,201.15815894484757
31454,1935,955,196.3026488299299
29302,1936,752,129.56699384427503
28339,1937,654,182.74445568884894
29376,1938,676,129.7551457222857
31322,1939,984,247.49798921221304
31219,1940,835,111.77723747036234
31493,1941,1100,214.08740372665517
31071,1942,509,154.28111871838288
48809,1943,689,124.75428826753014
65582,1944,661,341.9302379820334
64911,1945,532,341.1835112400681
47167,1946,552,171.99873651487422
47623,1947,725,135.3745275687286
49298,1948,573,171.4317596615108
49551,1949,686,181.61476483994923
46303,1950,982,129.45054387118537
49959,1951,1147,235.9874978975467
49508,1952,711,144.35159734290832
65953,1953,668,321.53329513525676
65114,1954,1076,181.9075505654037
65920,1955,1113,178.9611473235722
63747,1956,1226,271.6741656207906
46125,1957,1009,162.2983491764612
63389,1958,685,311.07596767896854
64631,1959,1433,254.85789173255165
65583,1960,906,322.57944284795707
64658,1961,1031,285.43043305603527
64105,1962,904,211.97591337828604
51026,1963,1011,122.30317827832654
64106,1964,593,264.84189746998806
64051,1965,721,222.01498881171932
66099,1966,652,335.8947239893634
66100,1967,1360,205.50681217156134
66101,1968,570,345.0367598429544
66124,1969,1311,166.6456175818717
50210,1970,1189,213.23646242717427
65486,1971,777,257.0440038487501
49446,1972,837,142.31411383800994
49618,1973,909,111.0593738102544
48710,1974,673,157.4886933169322
47532,1975,985,134.87674130424622
47749,1976,918,108.09169019973044
66103,1977,1260,260.61141739984134
46212,1978,805,131.19880052459604
45820,1979,581,203.0998574995482
48932,1981,688,160.83429056156086
64762,1982,744,334.3472102388161
64092,1983,888,195.558631684217
62972,1984,967,223.92730340747607
64650,1985,1177,179.84728746480954
66066,1986,1004,284.4004626831211
66125,1987,662,342.74937532447905
65954,1988,867,234.36398620132007
65997,1989,651,252.522160762108
64118,1990,982,268.79241350501303
65135,1991,765,263.32665330029056
63721,1992,898,296.11529047384454
64763,1993,1000,231.62561176787713
64422,1994,1040,292.6682779448733
64912,1995,464,336.25611322043306
49377,1996,937,114.88983411200005
64054,1997,704,277.009601717721
63026,1998,773,235.12768107500727
66126,1999,919,323.3705687855706
66127,2000,675,342.2085358685306
65586,2001,571,345.0200447880869
65738,2002,844,262.26010370016496
64127,2003,1063,184.70855196591592
66104,2004,971,306.3306612064613
66128,2005,939,277.15518361420254
66172,2006,480,320.74088924958386
66105,2007,377,347.17213180229436
64610,2008,1279,182.457307235781
66162,2009,1003,283.52028660571057
65957,2010,1089,184.54057618564744
65740,2011,1202,214.86899189230095
66149,2012,1107,187.2182171609005
66130,2013,1102,294.5325073450892
65106,2014,1166,216.28063866213313
65412,2015,739,225.05560057764296
65413,2016,750,200.90341300828993
64056,2017,1120,214.51334603700843
64624,2018,941,302.95705127160676
65959,2019,1084,185.93085848636792
65400,2020,1072,188.0941934892009
65138,2021,730,258.0457877497085
49473,2027,697,143.06397246556566
63839,2028,1241,299.17928331831837
64653,2029,1158,181.43960264084063
64914,2030,935,253.5891013900554
61721,2031,766,180.78912206330853
65387,2032,998,230.49352606993546
65961,2033,1368,158.3712294727851
62392,2034,702,247.94357925279135
61112,2035,1220,219.67619339666413
65107,2036,699,223.45022543280652
65121,2037,575,270.66659050014005
62471,2038,819,263.8877218764565
47733,2039,1011,126.71868943888066
66003,2040,939,161.89351675405575
49438,2041,1057,119.99336561519983
64932,2042,862,292.737350333997
46284,2043,898,128.92934926258417
47499,2044,955,166.71105566934543
46161,2045,659,179.5090069219438
64260,2046,1194,226.54641913062636
66004,2047,1092,161.64689024209648
66005,2048,574,274.66913981834193
65588,2049,866,309.287448299397
66151,2050,934,215.6486770525382
64707,2051,641,341.4450132001277
49380,2052,760,140.56865946979582
49397,2053,1031,136.33128341199725
64429,2054,729,334.6499610570269
47955,2055,914,119.37637085584592
47619,2056,594,190.02248994640235
47634,2057,169,325.6362514046466
49357,2058,977,120.95217408384907
49343,2059,901,122.13197171960252
49372,2060,990,156.74358672264657
49358,2061,917,123.85876794493029
48007,2062,754,171.48047151678082
63733,2063,1380,277.13661252685284
64875,2064,911,318.88284474112595
47837,2065,878,116.31986678911514
64748,2066,696,325.6166278602354
66163,2067,1204,224.23494581843008
66083,2068,1547,252.19985270132167
66132,2069,602,338.92438636893934
49048,2070,784,137.78642580475574
56631,2071,1059,252.86657760312357
48050,2072,633,205.9514912966368
48032,2073,971,183.39908700472114
63691,2074,987,240.95876943880808
47527,2075,821,181.8502133376591
48193,2076,956,91.88137982430696
48218,2077,863,104.99617557043827
64654,2078,916,215.2394627414863
49605,2079,1041,123.02090981194475
66133,2080,867,305.4965196122229
66152,2081,926,251.71906623589152
47966,2082,1067,125.0513384597027
64430,2083,791,304.9052539194452
64408,2084,1142,275.92231589389945
65590,2085,1457,245.46756091030718
66110,2086,902,323.0162715992275
66153,2087,1107,180.97138964202222
66154,2088,853,252.86699689846083
66010,2089,1366,184.4234570748746
65489,2090,815,185.84662629662483
63976,2091,993,238.40325098409116
49510,2092,1119,118.51133245218588
48584,2093,891,126.83927608146806
64018,2094,616,260.36111894002823
47601,2095,974,127.30249916852712
66134,2096,1518,250.28564144635294
65752,2097,1416,242.88100825128524
66111,2098,999,283.99631090227933
66135,2099,472,345.5372797757126
64655,2100,1189,180.14463107676235
48793,2101,863,119.62652335278986
66136,2102,663,342.7118961177765
66073,2103,1518,249.6350231380159
66074,2104,1301,226.6806745937799
65921,2105,697,309.14466637707073
49359,2106,994,127.98560201139966
64749,2107,1027,186.03045672744057
48718,2108,838,138.11601098449054
64661,2109,1158,216.85263463055193
48236,2110,766,125.1349533418784
63214,2111,751,275.22665104318565
63965,2112,768,271.5726425110134
64656,2113,760,305.96135750581163
66137,2114,822,333.30664340283244
66138,2115,1058,261.68343296424
65940,2116,815,256.0138757292999
65966,2117,962,181.86419499796816
65382,2118,1143,184.7427951961626
65411,2119,939,264.07591319208063
64137,2120,995,221.41682283975376
64138,2121,1072,267.2280238215409
48700,2122,780,113.58643713224555
47967,2123,897,121.86046236012194
64434,2124,1438,251.10136136930768
64647,2125,954,225.5272199078015
65745,2126,1124,190.1251721712819
64899,2127,919,320.9277293433641
64021,2128,487,270.18316998492463
49374,2129,745,131.92128331983963
65593,2130,1053,280.2094255776545
66155,2131,829,204.33131646732966
65942,2132,470,335.00893066994007
48017,2133,963,126.17422232963793
48650,2134,779,139.94638181855657
63821,2135,845,257.2740218070162
49383,2136,338,222.77740800390455
63127,2137,766,298.6456620462587
62659,2138,837,250.01444114195388
65141,2139,956,208.12135815062325
64218,2140,799,245.16134152900943
64040,2141,997,227.91793688329378
64413,2142,1007,300.30404479484827
66164,2143,1135,216.5692349714995
48671,2144,951,133.13230524538707
66114,2145,1054,263.85755212834425
63967,2146,853,261.4950201991681
60413,2147,1278,246.70471317092705
66185,2148,1290,264.25788922356736
65967,2149,565,336.45155072051125
65385,2150,762,252.3904718980248
63693,2151,537,320.7195781945429
66140,2152,1172,235.34762654464603
66088,2153,1075,301.6583779920382
65968,2154,1353,175.91037130196094
65755,2155,1323,197.20013579278316
65240,2156,1229,204.11443635880212
65756,2157,752,320.1160401438924
65389,2158,1079,172.90713475986408
65490,2159,1038,175.89243191860777
65414,2160,675,252.77144396313724
206,2163,1162,294.4722062620386
115,2166,1162,294.4722062620386
207,2169,1162,294.4722062620386
156,2171,1162,294.4722062620386
108,2188,1162,294.4722062620386
170,2190,1162,294.4722062620386
224,2196,1162,294.4722062620386
24,2201,1162,294.4722062620386
192,2210,1252,262.72831303772983
193,2213,1252,262.72831303772983
172,2217,1162,294.4722062620386
173,2218,1162,294.4722062620386
49879,2221,976,181.84354236701577
25,2223,1162,294.4722062620386
49919,2226,1119,209.74823908969628
130,2228,1162,294.4722062620386
49949,2229,1108,170.45096980419223
49708,2230,1010,215.57996517203674
66,2233,1252,262.72831303772983
132,2234,1252,263.9961217845776
56283,2303,934,283.3179793561613
46456,2315,939,251.8344380375874
60884,2318,535,210.3299450379955
47364,2319,1187,236.6275358382404
63408,2320,1411,213.66380390055505
63296,2321,594,340.1374343544618
52225,2322,903,233.3961025987103
47066,2323,692,221.87482307893006
60371,2324,1140,300.20135022525756
60681,2326,900,205.113348484326
43412,2328,1238,219.38327368451513
48663,2335,887,265.32413284286963
58265,2338,792,258.62615822537833
49335,2343,1767,251.8108640269061
56469,2346,713,247.80420465841547
60407,2353,673,248.44239748100168
56266,2357,1179,325.69690085855564
47630,2361,851,248.03095069887578
54255,2362,977,290.2406594717136
56200,2363,1100,311.3446461117133
58985,2364,1097,277.39397879793046
60925,2365,1088,285.9760479172178
58266,2366,857,230.39443916054765
59001,2369,759,202.861878698828
43353,2371,824,288.0075715439588
47442,2372,730,220.85157854657666
40310,2374,890,210.37573276434898
48695,2381,600,255.21103785921665
56515,2382,1103,305.4882878233494
56495,2383,682,230.97185403460287
58514,2384,1073,288.81953347498677
48807,2385,676,161.559339389353
60446,2386,823,211.94484893387818
47067,2413,1139,251.15008446876894
60359,2419,1187,276.6140702783514
47570,2421,553,317.6669302204312
63756,2436,1301,303.5176697327415
42435,2437,1218,183.17148573982018
57728,2438,1107,252.47550553993082
43391,2439,968,255.19279669439803
60907,2440,657,249.85712630828021
48607,2441,1328,282.487837578825
48608,2442,866,254.42079677617724
59903,2478,1366,244.43753469571092
63294,2479,766,327.7291804442615
63219,2481,1022,263.87413569035124
38093,2484,670,236.4467273287559
49433,2496,1188,165.70079470066563
42464,2497,1113,259.5104490082034
58499,2498,1129,289.57390177346673
58534,2499,570,247.95572410959807
58500,2500,681,255.34568292855928
47455,2501,1354,205.06721034437473
46814,2502,691,178.96510483265084
47415,2503,634,152.5873512151999
49504,2504,855,146.9404093734519
45569,2505,548,208.7637848509929
48969,2506,766,142.776417233403
26553,2507,965,174.37040325512177
49592,2508,1063,121.96540275910365
48512,2509,943,125.2040503708785
64044,2510,1085,170.48844324399656
43427,2511,681,216.5452223554654
49525,2512,900,120.70536472087691
65433,2513,751,281.4614352935867
62595,2514,1237,290.74313068680453
65251,2515,1103,219.14470234954888
63879,2516,1094,220.92356794694118
64872,2517,1029,201.67311674387548
66096,2518,954,309.09849708322935
66097,2519,1496,249.94883168922405
47629,2520,840,136.03878979716376
49516,2521,495,263.2068788390612
66171,2522,1526,204.18883524429674
65951,2523,605,319.58325070848207
61707,2524,1145,166.3416410397459
65132,2525,803,251.57789980386573
65409,2526,816,238.67209864320154
49367,3055,1106,119.14117329940414
29404,3056,1271,178.55570870814103
28536,3057,1281,176.05906279814602
66046,3058,1364,211.15232819326704
48678,3059,835,119.67442973260275
48820,3060,1306,139.21879710415203
65894,3061,1304,244.94349527433477
65508,3062,1275,155.45835924943836
49591,3063,812,175.28228061145606
62776,3064,1083,183.05890981480638
51022,3065,754,166.65772856062344
48804,3066,905,133.04402439701386
48738,3067,529,209.34677289772355
64480,3068,1127,212.80497151212248
48748,3069,1040,142.95227557803554
47454,3070,1000,105.93068276083625
49482,3071,954,142.77218121514446
65994,3072,1013,195.27536188599996
49375,3073,579,150.41848131479438
64397,3074,1509,257.16846613031043
48654,3075,727,178.64287982879455
64418,3076,872,315.35309820233755
66147,3077,1196,166.9684416223438
47521,3078,790,136.59305274963117
48686,3079,1001,174.346503764559
46391,3080,815,173.96413803449502
48655,3081,887,123.16813678478655
65133,3082,956,239.4014650895967
64274,3083,645,323.47614342576327
64657,3084,1418,250.6821894245947
60357,3085,853,232.58524134430758
62642,3086,692,267.11825103380545
60654,3087,879,217.69309361637767
58881,3088,734,216.10331751414276
64879,3089,1555,254.86505454385033
60516,3090,1080,239.29669738958626
64084,3091,1415,303.1277717672033
59952,3092,1067,186.58679662002703
61174,3093,762,253.59950225803433
58549,3094,607,231.79371615863758
60399,3095,897,177.9659095298788
58498,3096,1053,213.20887379042202
56323,3097,1151,321.41586365961956
58882,3098,1043,196.13536969581162
60906,3099,742,149.57255040379968
60473,3100,875,247.65329585618926
60759,3101,1334,227.84127210015902
48651,3102,863,120.58440623136782
58550,3103,1068,192.0683509066529
31390,3745,1246,226.78590532940697
31303,5015,1129,280.32827430338403
31304,5028,768,265.5932515776398
65255,5562,722,293.82545301987886
64295,5563,931,266.6116538231998
48841,5564,855,112.71437219343316
46852,5565,959,100.52676131711814
46459,5566,674,141.75627170157614
49600,5567,876,121.52815512997745
65779,5568,1438,233.67161479736464
64104,5569,780,235.01702187182232
48491,5570,943,113.03718663043009
31517,6883,1081,292.86866697145837
31325,6887,1138,278.74363984926833
31447,6889,658,253.657291252473
31349,6901,748,257.518653314214
31372,6910,1026,232.38685482633986
31438,6912,1185,239.85870927226992
31495,6917,971,224.54716786242054
49634,6923,894,133.45943308075283
49627,6924,1003,124.86945070693132
60839,6926,1351,206.4804517044714
49635,6928,811,141.24792919668198
60382,6929,1380,267.12205319792065
49628,6930,1147,111.14549805777081
49629,6931,1202,81.4533531108797
66051,6932,1112,215.47667069385707
31343,6955,1149,269.9340883877502
31344,6957,1149,269.9340883877502
31345,6959,795,261.7219784245211
31313,6960,1202,262.5878212862864
46791,7069,830,191.10292551840547
49512,7070,797,171.9940382067778
47159,7071,964,129.45731575422545
46771,7072,694,202.12303866992713
48570,7073,702,174.52970021304984
63447,7074,680,298.49765979702175
46818,7075,1194,141.07238535455642
46819,7076,691,163.2490242719421
48819,7077,1042,136.7167624794305
48844,7078,708,152.73121598882312
63314,7079,742,331.1785625250926
46782,7080,853,230.21267441851262
58680,7081,1089,177.39761581431821
63347,7082,636,275.5824059170046
58742,7083,830,222.6615823190762
63276,7084,894,292.0768745388289
63237,7085,904,239.39536787254545
46900,7086,990,168.79412996438674
49449,7087,877,152.96337027771511
63448,7088,640,254.59937935885864
63238,7089,791,306.72155815481176
46706,7091,1170,139.62644043583532
50239,7092,920,240.64509351637554
47528,7093,845,182.79321430367435
64058,7094,1104,252.97038429922836
64279,7095,496,319.3461558388902
64881,7096,1014,306.6350552886042
60779,7098,819,147.93742900416305
62728,7099,1012,213.90842173907325
60095,7100,593,183.96489917232074
62555,7101,661,279.9479965984084
62169,7102,981,285.49767301922265
61480,7103,1144,186.5475976343581
62556,7104,1027,259.2028099604596
64880,7105,1115,288.20519906129516
62643,7106,405,298.16776304941544
62609,7107,1154,268.85836814210097
60819,7108,882,159.70536706935786
59719,7109,1033,167.23377509252268
62963,7110,1339,263.3319807553546
62628,7111,873,208.31500363510446
62730,7112,744,269.1660951959583
62747,7113,1233,268.8724369716763
61281,7114,582,174.33436059224468
62748,7115,976,230.67167691744652
61282,7116,888,101.62948890273182
62764,7117,905,216.55703802517016
60505,7118,1128,148.4791571050535
62774,7119,979,212.1424781950293
61232,7120,1301,181.5823212036296
64042,7121,848,255.2773365118899
62572,7122,661,285.61559726227165
62661,7123,1150,226.40209877911167
47407,7124,682,117.23719691789883
32149,7125,1084,292.5502837536716
64718,7126,647,324.78225975390797
66182,7127,871,273.53492221884073
59365,7128,705,242.2911562826889
63850,7129,1138,256.54909098384667
64242,7130,1111,207.90339355228605
65899,7131,1258,246.13082061670974
63244,7132,684,322.46106841716374
66021,7133,1030,298.62602995541664
49353,7134,696,130.19973544111934
65764,7135,1041,271.27128145497153
65532,7136,1530,252.6941588608805
48202,7137,834,118.1299023448993
66022,7138,1107,277.31347763747016
49345,7139,957,133.03501754294044
65423,7140,1354,215.57962407186773
65287,7141,1040,288.8395756439369
46858,7142,799,220.24289291054507
64401,7143,1414,251.00266683308107
65999,7144,1012,198.7844419137937
48167,7145,863,122.64396797770102
64652,7146,1263,153.99363777740675
62035,7147,1037,262.1967142270674
65388,7148,681,251.0717260849603
66131,7149,780,312.0452117743005
46733,7150,991,117.75059460646511
66000,7151,377,323.57478024789026
66001,7152,1022,154.0735862965042
65410,7153,1042,172.84611890773073
64659,7154,1196,257.1268952339735
63044,7155,1095,229.01991260952485
48190,7156,792,122.2897207709568
66107,7157,526,346.0963779214976
66150,7158,901,221.67006840020528
64765,7159,758,292.24145226329983
65402,7160,817,208.1528515219352
65893,7163,828,278.7728391369449
49651,7166,1015,224.13802563672175
48877,7167,1074,133.56090372811025
48665,7168,1217,126.80693401823935
43873,7169,926,185.95036183311618
49736,7170,1184,231.6039354454966
49652,7171,1065,232.30237760731544
49728,7172,722,218.42565154783725
43974,7173,921,155.54130151468172
49719,7174,884,212.50220143293433
49720,7175,1358,233.36128630593385
49709,7176,1079,208.57960191691672
49721,7177,965,205.7087108919135
49687,7178,1073,203.34319868001288
49654,7179,786,240.5760648313006
49688,7181,1244,207.35054129255076
46952,7182,1053,102.27503833760369
49740,7183,1096,225.3497591595126
47641,7184,877,122.45929313990092
49737,7185,1565,219.33134718001355
35924,7186,1023,102.86904188044493
49738,7187,932,205.61626653698303
51040,7188,1130,219.97317729294124
49658,7189,734,247.917874528046
49739,7190,1176,218.4289691041614
49722,7191,1055,208.68076972850318
43989,7192,1006,135.37219049967092
49655,7194,923,229.99979693376508
47519,7196,968,179.65922356886486
34447,7197,1135,215.84456346971226
49565,7198,718,284.8378348431823
49303,7199,1255,132.3436225806381
49238,7200,1223,113.15807731353175
48071,7201,1214,256.707655363953
47432,7202,1428,127.83842902995477
49294,7204,1174,141.50057276545837
49072,7205,1152,128.6762196226678
49304,7206,1374,117.78361722996215
49283,7207,1440,132.69662397740112
49066,7209,699,179.20615315930786
48436,7210,1375,195.22333148954706
48573,7211,770,152.62094428550063
48954,7212,854,127.16437829525617
48776,7218,707,143.97407145090781
47960,7219,923,144.48323584052326
49295,7223,1402,143.32441449492342
49209,7224,1241,115.2931567752103
48171,7225,1479,158.15071053482788
47433,7226,1362,140.20948159723827
49305,7228,1397,193.3646727990371
49127,7229,1267,136.51629815779827
49240,7230,1236,113.90780093817405
49296,7231,1338,121.5832130774056
49058,7233,647,159.88346863234887
48705,7234,1135,147.03633470960614
47961,7235,838,143.44901843948713
48589,7236,804,137.1423822562491
48980,7237,716,113.3139825593059
48683,7239,621,155.88116166603118
49723,7410,1146,248.8295066350091
47035,7411,949,166.59741550167703
49673,7412,1058,235.505835692574
49701,7413,1079,216.2516650749382
48866,7414,1067,139.8952311534274
49702,7416,832,226.6236967479899
49729,7417,1192,249.8228749480013
49711,7418,1113,226.39809355220942
49690,7419,1072,229.57301905668095
48875,7420,853,151.65237522390666
49741,7421,845,199.55584774799124
49703,7422,921,255.4586399460512
51042,7423,850,259.9681690169405
49712,7424,1145,252.2554627114028
43993,7425,1135,164.3647122709632
49742,7426,861,215.48427343492872
49713,7427,1157,213.9026987796223
49724,7428,1084,206.26930540618744
49715,7429,1216,207.9812383350679
49725,7430,1086,204.68876615555243
49704,7431,805,234.77769554432223
49730,7432,670,199.70115868878278
49743,7439,1190,222.35665031755923
46867,7440,1440,187.4844134602095
46380,7441,1392,182.03731609794218
47575,7442,1338,200.74646871790634
47162,7443,1141,152.81881336789905
49744,7459,1075,232.0590011108472
46348,7460,1157,178.14504315934718
46381,7461,1242,156.96056410624385
48572,7462,1156,265.1554490382729
49537,7463,1265,133.5240075019649
47643,7479,1125,163.09028222272494
48802,7480,1111,153.56584038138982
46382,7481,1414,171.40520994347455
47190,7483,1259,165.51874135711978
44922,7499,1132,160.4250249313212
46414,7500,1357,196.70275312942752
47182,7501,1132,152.09461246559738
47269,7502,1297,220.56356449873456
49538,7503,1425,171.84841679489742
49314,7514,1447,113.96042675525366
49301,7515,1314,118.15055136099271
48192,7516,1515,150.94482505043828
48702,7517,1406,134.3415344604337
49291,7519,1265,100.05169081416058
49087,7520,1081,115.63655215924616
49292,7521,1270,101.2434606702292
49115,7522,1343,151.74718471950163
49088,7524,808,152.904231152525
48549,7525,1232,157.95151226295255
49514,7526,1006,143.87871400330621
47958,7527,902,137.2434369643751
49543,7528,606,154.0834621459665
48676,7530,613,149.9540730950977
48971,7554,1328,106.53125602946645
48753,7555,1363,174.11830014311818
47441,7556,1480,134.5284069549474
49302,7557,1063,96.6591634155465
48765,7558,1413,167.7425245365246
48730,7559,1232,137.61352048277715
49732,7560,897,188.14306841950793
49626,7561,1321,161.7499539928215
48766,7562,1086,116.92553157477872
48767,7563,1380,183.18294381257883
49524,7564,1175,117.01954571034581
48888,7565,774,151.98286012130646
48769,7566,1399,164.02831482019087
49544,7567,864,86.39516188419664
48528,7568,1052,205.8839045361942
49040,7569,924,113.47059344465998
48772,7570,894,119.8140764643816
48773,7571,918,122.19424562108587
49441,7572,538,148.10320310463106
49579,7573,885,156.62281320348896
49057,7574,872,116.31212198517335
48943,7575,1234,124.50934081284394
49399,7576,1387,161.97851464381597
49440,7577,1410,125.81517209314934
49247,7578,1194,124.012041234314
47484,7579,1374,183.31405368943987
48835,7580,1440,150.82013350042456
49656,7581,1212,234.56572998559795
46404,7582,1415,171.67861198316007
47099,7583,1272,161.23147958097834
49134,7584,1328,203.77061339692315
49489,7585,1400,186.64458788788434
47991,7587,1342,197.56782628388086
48812,7588,910,99.47458122593056
49071,7590,1177,115.07211324857631
48763,7591,1126,163.076687567556
49515,7592,626,159.7774128213475
46712,7593,865,155.8047523244034
49590,7594,856,172.12080296419418
49056,7595,805,115.66697574736135
49745,7835,879,300.9699310119766
64955,8166,1396,310.98265392703917
64076,8167,531,282.8614970689294
63512,8168,1207,297.00369542403473
64933,8169,1007,290.3081565605657
64345,8170,1257,300.2888773093073
61444,8171,943,196.47581063196984
64102,8172,629,308.930866060443
65262,8173,1263,204.58348619516096
65113,8174,980,254.64436997335054
63531,8177,1117,292.5056722190473
61441,8178,1238,235.1507911118937
61034,8179,1231,194.97420434862016
61568,8180,1212,256.1071905603567
60719,8181,1372,191.95326103706265
64101,8182,906,264.9861555008938
61983,8183,1560,313.160905178613
59938,8184,1362,197.4686085459885
62178,8185,1409,340.17401383584786
61470,8186,1205,235.17836836127768
64952,8187,598,311.436054411592
59939,8188,1188,183.31159569573452
58489,8189,1214,216.00509484480736
59991,8190,959,210.28802761281972
55460,8191,1071,163.3985274884577
61888,8192,702,303.17400987313187
62179,8193,1216,325.2510180538955
65533,8194,1101,160.7696821906294
61929,8195,1042,290.5279383971499
63545,8196,992,290.23908434587565
61805,8197,936,255.6227934086304
62126,8198,1227,298.21995020076764
63129,8199,1118,292.5561595758547
63120,8200,775,298.08026320102834
62129,8201,686,304.3903562451457
62130,8202,969,290.3855252215368
63546,8203,919,291.3127977503465
63121,8204,1143,293.5929353139179
61985,8205,743,299.14837162290104
62235,8206,969,290.3904649984823
61933,8207,763,298.83803036973234
62132,8208,983,290.2745070608314
61420,8209,743,207.20092697816747
63547,8210,1308,304.03902038228836
62134,8211,942,290.7852534919947
63726,8212,1392,279.009971496941
61831,8213,703,254.75135534424186
63131,8214,921,291.2542839506742
63122,8215,762,298.88642319772646
61346,8216,976,173.64049964462015
62163,8217,888,290.679111295883
64934,8218,1095,292.19137004942274
64935,8219,1310,305.28117933033263
63529,8220,1056,290.75618737265154
64936,8221,1021,290.4465056570245
61837,8222,669,292.13333643111713
61838,8223,792,260.3063995985689
61440,8224,1119,231.9707385999569
61943,8225,701,303.288208321599
64344,8226,1104,292.0394099001079
61981,8227,740,299.65194645345656
60438,8228,1014,148.71600806147134
61828,8229,1352,325.0873853783551
64117,8230,1563,299.30804698601236
61847,8231,743,300.1857389668689
60887,8232,1202,226.84687629241733
61830,8233,967,263.1185013986292
60272,8234,1141,236.09249160892966
58824,8235,761,200.04006617643122
61033,8236,1089,196.1209310931989
65266,8237,1152,211.5630648443668
65270,8239,1314,227.0171113160159
65271,8240,1264,208.17948816370532
64820,8241,629,331.59115606817386
55791,8243,922,164.68128147887336
60931,8244,893,179.9031518861289
61570,8246,1090,202.69540181553808
65378,8247,818,233.6517454547618
61887,8249,977,290.31272421266885
61246,8250,1392,221.56441389675553
54461,8252,1228,259.2555631322813
60938,8253,960,148.45624139920255
62036,8254,961,244.66737881556656
65973,8268,986,240.30453550307843
65035,8269,684,332.1536700552936
65773,8270,836,271.49861593775813
50046,8271,800,264.7698173520849
62024,8272,746,286.4632648745603
65974,8273,1114,182.0852955785803
61979,8274,649,251.32731948649683
62052,8275,811,268.9103556392575
60321,8276,702,239.10037424426002
60056,8277,801,182.1385649172412
65776,8278,368,348.26576198351285
61927,8279,1093,220.21786056453274
65517,8281,1161,189.32145199420296
61944,8283,1139,293.3818389205439
61986,8284,827,288.15659923045513
62039,8285,699,260.742166663488
62022,8286,915,264.38374085873926
55215,8287,1283,252.423783533042
65493,8288,1259,149.56142616639062
65479,8289,1306,205.22492961654928
65926,8290,1134,234.3472282390574
56183,8291,616,249.52326633642724
61946,8292,1162,243.554563095875
61178,8293,953,201.661354369191
51504,8294,837,294.4722062620386
66008,8295,644,275.22658055815685
55626,8496,1312,164.00932214016643
57090,8498,1128,220.46343100892108
63709,8499,645,307.67099902652876
59604,8500,1222,196.42671575777345
61844,8501,1484,318.10047559754474
59922,8502,977,187.51642276891775
64061,8506,1199,214.2949879378442
66148,8507,411,315.72818263295363
65306,8508,1240,178.65160194259852
66145,8509,1107,186.56414020072535
62050,8510,1105,256.01650423725647
60054,8511,1197,291.41105983307057
62020,8512,780,281.2046559481602
60055,8513,1191,244.29833105807654
66146,8514,1106,195.41475113503947
66095,8515,546,342.79817210330515
65987,8517,656,251.19867832864207
65988,8518,1164,193.76963098158012
66143,8519,960,197.3295376492539
65990,8520,1265,150.75122026976427
66144,8522,1162,169.2226802773272
65992,8523,1146,154.7359872653572
62375,8524,979,213.24956496712844
62018,8525,1429,302.7984919036755
65947,8526,1043,189.5986961444569
58718,8527,1088,291.2470750663619
60400,8528,799,200.31812999045408
58502,8529,925,204.81014690237254
65835,8530,1170,193.96156310251158
64060,8531,949,251.7015911392914
65914,8532,1177,182.0207859464415
59603,8533,1234,242.83608324585217
63717,8534,1367,267.6824238074157
61357,8535,826,214.98416703268066
59904,8536,872,214.49525766736303
61402,8537,844,221.08372261867314
56623,8538,700,225.77224254171932
60557,8539,852,211.00261189798903
64293,8540,1020,278.3623902326733
61542,8541,1280,213.44102729471024
61468,8542,1289,240.18001639231676
59190,8543,781,251.3724774374871
58991,8544,1372,277.4689193141849
51410,8545,1268,241.19187028025422
59033,8546,975,201.14364422395008
60053,8547,1176,184.44343120992346
51206,8548,977,204.209135866573
58091,8549,1182,268.7210276933807
61452,8550,906,252.93875320449456
61190,8552,1296,163.5352899832158
56329,8553,1257,275.8716193549405
63505,8554,1156,313.85879025113286
61356,8555,1118,202.51781707500618
58942,8556,804,259.17136569314414
60913,8557,1204,187.753906068155
56622,8558,704,230.85153981903792
59144,8559,1206,242.11331484200414
61001,8560,936,170.77768656803363
61393,8561,657,234.00410963397238
61566,8562,1162,294.4722062620386
60742,8563,875,248.04856479692202
60718,8567,830,262.4031356719146
64099,8568,567,313.9151100435284
66170,8569,867,293.09247396226993
65986,8570,815,198.60598013142985
64116,8572,829,295.45864697559733
66167,8573,872,292.8982121766924
66123,8574,1100,225.18270309087217
58990,8575,673,233.5825338511042
51427,8576,826,215.811452372206
66168,8577,1271,301.29034754407843
66169,8578,1158,294.3016151133728
60684,8580,1329,248.92925746589702
59936,8581,1191,261.7393477008183
56639,8582,1162,294.4722062620386
61392,8583,815,234.5154373267799
57958,8585,1162,294.4722062620386
56517,8586,1067,298.99430740092834
56358,8587,683,232.21755436800998
65831,8588,1029,200.45229163529103
56285,8589,1056,305.9356163539798
65910,8590,1351,152.09234175745033
58073,8591,1213,258.56919840723896
65972,8592,1530,202.08187648022735
65833,8593,1370,170.530383590225
65819,8594,1512,184.63996731526885
65820,8595,1450,229.9716206267104
51433,8596,800,275.7473291417585
66094,8597,1537,226.22983213070543
65883,8598,866,279.03613650626494
66014,8599,1213,194.05019667357212
65909,8600,745,322.064137849183
66045,8601,1073,217.83341601503173
61416,8602,1454,265.8049134368335
61076,8604,908,234.375192939834
66158,8605,714,302.2736453120287
58934,8606,1247,227.6747574863933
64885,8607,1112,274.65134734283424
66093,8608,1385,199.2439725769645
66122,8609,1036,244.58229128320355
66030,8610,1278,199.7343338551938
66031,8611,1193,177.064285100266
66032,8612,964,249.93980168363498
66166,8613,957,191.03677970059985
66029,8614,1523,251.57054081150162
65560,8615,647,332.2377056923685
61354,8818,1187,266.36104493068166
58275,8826,1161,265.6494120207745
56352,9632,617,238.9797125028882
55974,9636,1231,240.11449670430991
56895,9637,1251,254.79233240976347
66058,9638,858,325.69921330126454
60246,9639,382,217.816238203838
62037,9640,646,266.411518539812
66165,9641,539,316.1428305271419
62047,9642,441,326.73877585538304
65561,9643,1068,247.83455952304863
66121,9644,1362,188.58362487752785
66043,9645,1193,170.58396082186908
65880,9646,1586,257.70838382489626
65885,9648,1285,181.2728640166802
58501,9649,1457,308.53106887111414
61046,9650,1253,143.977187365641
51530,9651,853,274.78455968787694
60268,9652,1417,261.71003465507926
61564,9653,736,249.76429157365143
55876,9654,1377,218.0597390972582
62009,9655,1271,294.36884957918414
58038,9656,845,256.56322153643896
61401,9657,1107,224.88418910535836
62010,9658,1030,258.30509178482737
62190,9659,546,258.9538057930419
62191,9660,622,255.37269225404893
55878,9661,777,245.79078872350695
55912,9681,1294,272.7744696299174
62185,9682,1022,300.3866661149296
62186,9683,520,261.3078061979371
59986,9684,1144,251.357025627504
62187,9685,1185,323.39092847751886
61563,9686,935,214.47074441152412
60911,9687,890,204.9360450152887
62188,9688,1220,327.2148249148546
56894,9689,582,261.7504289286072
60266,9690,1078,189.42488594307713
57978,9691,675,257.86706293779457
62008,9692,1051,260.3667438035615
61400,9693,1118,235.85436431327796
61435,9694,890,207.02431139272713
66157,9695,750,299.7271643312509
52228,9696,1043,259.0942588652705
61421,9699,1083,204.1974457766329
60910,9700,1227,319.258225180954
58681,9701,1132,252.7779745295474
56178,9702,577,251.86906978646257
64290,9703,724,259.4166430206995
56471,9704,1064,300.8173581840823
58516,9705,1087,291.22276695512176
60555,9706,1165,266.85449886275046
59984,9707,711,203.0479054783904
64098,9708,1063,290.8946146574735
58922,9709,1203,237.5711822763895
61467,9710,1288,231.6830006165157
63241,9711,1190,213.75301016692836
63487,9712,1459,239.01773767290817
63203,9713,1358,297.8702812523849
63488,9714,796,247.9593146954538
66181,9715,770,298.360750676672
63476,9716,871,236.1421804789714
63477,9717,1055,242.20069761004964
64305,9718,1159,294.3354521366631
64149,9719,1209,242.3560576875427
63440,9720,1060,240.13405884534436
63474,9721,900,189.94100927180412
63412,9722,1471,261.276165014313
63372,9723,1087,242.38389619991477
66180,9724,1414,312.47688298303746
62071,9725,1173,265.7778488928835
63475,9726,907,263.12322828133415
62072,9727,1351,292.52586210098696
52226,9728,784,205.51630330160455
63760,9729,1170,294.895917748119
64917,9730,763,335.88712199851466
63449,9731,1070,253.63304055625983
63371,9732,1346,261.01275958074854
59002,9733,988,246.6691732232447
63397,9734,817,292.49810837686994
64648,9735,1388,178.27720612522165
63426,9736,1118,224.69484451037866
63711,9737,688,304.27291699877554
63506,9738,1174,316.0505986633073
61125,9739,1150,188.25060305511647
59006,9740,1042,239.49318993997176
63513,9741,1291,302.7208442657664
65902,9742,1294,255.58201063771426
65917,9743,1205,212.6709734156029
64873,9745,570,344.87158068913675
64651,9747,1140,164.2770017666884
65969,9748,940,236.73237006375177
61675,9749,1157,188.1762465557699
63810,9750,1071,252.14814822240604
63410,9763,1231,192.94134294830206
63425,9764,1234,266.8091768703483
63243,9765,877,291.42771637072906
