id,rating
0,171,
1,190,
2,189,
3,189,
4,194,
5,190,
6,181,
7,184,
8,172,
9,187,
10,187,
11,185,
12,164,
13,193,
14,211,
15,191,
16,196,
17,192,
18,217,
19,225,
20,233,
21,225,
22,236,
23,209,
24,236,
25,236,
26,236,
27,229,
28,226,
29,237,
30,238,
31,237,
32,234,
33,237,
34,234,
35,236,
36,236,
37,236,
38,236,
39,232,
40,235,
41,236,
42,227,
43,232,
44,236,
45,234,
46,215,
47,239,
48,205,
49,213,
50,195,
51,223,
52,206,
53,213,
54,225,
55,218,
56,221,
57,234,
58,227,
59,195,
60,211,
61,207,
62,232,
63,236,
64,237,
65,221,
66,197,
67,196,
68,195,
69,205,
70,211,
71,194,
72,203,
73,171,
74,216,
75,199,
76,167,
77,173,
78,175,
79,176,
80,172,
81,177,
82,183,
83,199,
84,205,
85,202,
86,204,
87,201,
88,204,
89,207,
90,208,
91,204,
92,235,
93,201,
94,202,
95,208,
96,210,
97,202,
98,208,
99,237,
100,219,
101,235,
102,217,
103,198,
104,235,
105,235,
106,234,
107,232,
108,230,
109,201,
110,223,
111,221,
112,230,
113,232,
114,233,
115,233,
116,232,
117,224,
118,225,
119,217,
120,233,
121,207,
122,204,
123,201,
124,204,
125,231,
126,234,
127,208,
128,209,
129,231,
130,209,
131,230,
132,230,
133,225,
134,221,
135,228,
136,226,
137,229,
138,230,
139,230,
140,227,
141,235,
142,230,
143,232,
144,232,
145,226,
146,231,
147,227,
148,230,
149,230,
150,228,
151,223,
152,227,
153,216,
154,227,
155,220,
156,233,
157,218,
158,229,
159,231,
160,212,
161,228,
162,231,
163,225,
164,231,
165,222,
166,198,
167,197,
168,231,
169,186,
170,233,
171,199,
172,231,
173,227,
174,209,
175,203,
176,189,
177,224,
178,209,
179,187,
180,219,
181,211,
182,228,
183,187,
184,192,
185,195,
186,194,
187,199,
188,192,
189,197,
190,195,
191,186,
192,158,
193,174,
194,187,
195,190,
196,207,
197,201,
198,202,
199,210,
200,211,
201,181,
202,169,
203,158,
204,177,
205,176,
206,203,
207,194,
208,196,
209,198,
210,187,
211,203,
212,203,
213,206,
214,189,
215,211,
216,214,
217,197,
218,206,
219,169,
220,184,
221,193,
222,203,
223,190,
224,213,
225,212,
226,206,
227,199,
228,201,
229,173,
230,197,
231,197,
232,204,
233,189,
234,189,
235,199,
236,190,
237,191,
238,193,
239,199,
240,197,
241,194,
242,199,
243,200,
244,204,
245,212,
246,207,
247,210,
248,210,
249,217,
250,222,
251,220,
252,214,
253,213,
254,208,
255,212,
256,214,
257,218,
258,217,
259,221,
260,219,
261,204,
262,203,
263,203,
264,197,
265,198,
266,204,
267,204,
268,202,
269,202,
270,205,
271,195,
272,204,
273,205,
274,196,
275,195,
276,202,
277,199,
278,208,
279,201,
280,208,
281,177,
282,183,
283,178,
284,169,
285,198,
286,171,
287,210,
288,171,
289,169,
290,167,
291,161,
292,168,
293,169,
294,174,
295,166,
296,173,
297,178,
298,184,
299,191,
300,192,
301,193,
302,200,
303,198,
304,196,
305,207,
306,215,
307,200,
308,196,
309,200,
310,185,
311,198,
312,198,
313,201,
314,197,
315,201,
316,199,
317,206,
318,208,
319,209,
320,206,
321,204,
322,193,
323,205,
324,185,
325,187,
326,171,
327,192,
328,178,
329,183,
330,193,
331,196,
332,196,
333,195,
334,189,
335,183,
336,188,
337,191,
338,186,
339,175,
340,169,
341,214,
342,215,
343,221,
344,181,
345,221,
346,215,
347,194,
348,221,
349,178,
350,214,
351,206,
352,204,
353,205,
354,204,
355,190,
356,196,
357,163,
358,164,
359,174,
360,175,
361,183,
362,188,
363,195,
364,197,
365,195,
366,191,
367,189,
368,165,
369,159,
370,187,
371,188,
372,194,
373,203,
374,183,
375,211,
376,209,
377,200,
378,203,
379,200,
380,199,
381,204,
382,213,
383,199,
384,198,
385,203,
386,209,
387,206,
388,213,
389,197,
390,140,
391,145,
392,169,
393,180,
394,182,
395,187,
396,194,
397,195,
398,203,
399,198,
400,194,
401,192,
402,213,
403,216,
404,196,
405,214,
406,207,
407,200,
408,180,
409,176,
410,193,
411,175,
412,188,
413,191,
414,199,
415,198,
416,207,
417,209,
418,209,
419,200,
420,200,
421,192,
422,199,
423,195,
424,197,
425,198,
426,196,
427,201,
428,200,
429,206,
430,186,
431,212,
432,192,
433,210,
434,200,
435,209,
436,202,
437,210,
438,196,
439,193,
440,194,
441,194,
442,193,
443,197,
444,203,
445,194,
446,204,
447,207,
448,208,
449,191,
450,197,
451,209,
452,192,
453,207,
454,198,
455,204,
456,211,
457,208,
458,216,
459,210,
460,213,
461,200,
462,211,
463,217,
464,221,
465,227,
466,229,
467,219,
468,224,
469,209,
470,206,
471,206,
472,185,
473,199,
474,201,
475,197,
476,202,
477,193,
478,197,
479,194,
480,200,
481,202,
482,208,
483,199,
484,192,
485,197,
486,206,
487,202,
488,213,
489,207,
490,202,
491,201,
492,182,
493,186,
494,191,
495,197,
496,200,
497,194,
498,201,
499,206,
500,214,
501,188,
502,192,
503,220,
504,188,
505,215,
506,193,
507,216,
508,213,
509,198,
510,180,
511,187,
512,196,
513,212,
514,190,
515,187,
516,204,
517,194,
518,197,
519,202,
520,196,
521,198,
522,205,
523,210,
524,190,
525,214,
526,212,
527,208,
528,199,
529,196,
530,188,
531,200,
532,194,
533,194,
534,196,
535,199,
536,208,
537,202,
538,206,
539,207,
540,202,
541,201,
542,210,
543,212,
544,212,
545,214,
546,219,
547,222,
548,215,
549,208,
550,213,
551,218,
552,209,
553,210,
554,212,
555,172,
556,171,
557,182,
558,172,
559,188,
560,182,
561,180,
562,187,
563,195,
564,185,
565,188,
566,181,
567,184,
568,184,
569,189,
570,188,
571,212,
572,212,
573,217,
574,212,
575,220,
576,226,
577,229,
578,231,
579,232,
580,233,
581,230,
582,232,
583,228,
584,229,
585,191,
586,229,
587,225,
588,183,
589,174,
590,192,
591,203,
592,186,
593,206,
594,208,
595,205,
596,207,
597,208,
598,197,
599,212,
600,205,
601,210,
602,214,
603,216,
604,211,
605,192,
606,202,
607,208,
608,186,
609,201,
610,211,
611,203,
612,199,
613,207,
614,192,
615,206,
616,209,
617,182,
618,195,
619,194,
620,199,
621,193,
622,192,
623,194,
624,176,
625,191,
626,184,
627,182,
628,192,
629,193,
630,195,
631,200,
632,192,
633,196,
634,198,
635,159,
636,212,
637,207,
638,212,
639,207,
640,207,
641,206,
642,205,
643,168,
644,213,
645,201,
646,205,
647,194,
648,203,
649,166,
650,214,
651,207,
652,203,
653,203,
654,212,
655,169,
656,168,
657,213,
658,208,
659,201,
660,207,
661,218,
662,210,
663,221,
664,201,
665,217,
666,194,
667,190,
668,159,
669,174,
670,171,
671,175,
672,195,
673,172,
674,214,
675,176,
676,168,
677,206,
678,174,
679,174,
680,218,
681,172,
682,215,
683,214,
684,172,
685,220,
686,206,
687,186,
688,200,
689,218,
690,215,
691,176,
692,186,
693,213,
694,222,
695,215,
696,195,
697,212,
698,207,
699,210,
700,210,
701,216,
702,203,
703,203,
704,207,
705,186,
706,213,
707,200,
708,209,
709,207,
710,209,
711,212,
712,213,
713,166,
714,208,
715,173,
716,175,
717,181,
718,161,
719,192,
720,190,
721,154,
722,205,
723,208,
724,161,
725,180,
726,156,
727,159,
728,162,
729,221,
730,196,
731,227,
732,160,
733,186,
734,222,
735,212,
736,214,
737,213,
738,209,
739,153,
740,196,
741,171,
742,162,
743,178,
744,158,
745,155,
746,188,
747,160,
748,162,
749,182,
750,196,
751,170,
752,176,
753,184,
754,161,
755,202,
756,164,
757,156,
758,151,
759,145,
760,145,
761,146,
762,231,
763,171,
764,213,
765,205,
766,197,
767,193,
768,202,
769,163,
770,208,
771,173,
772,212,
773,211,
774,205,
775,209,
776,209,
777,196,
778,175,
779,195,
780,194,
781,163,
782,194,
783,196,
784,195,
785,193,
786,197,
787,205,
788,173,
789,203,
790,196,
791,202,
792,203,
793,175,
794,166,
795,162,
796,186,
797,194,
798,204,
799,165,
800,169,
801,233,
802,194,
803,178,
804,195,
805,174,
806,198,
807,205,
808,212,
809,215,
810,217,
811,216,
812,211,
813,211,
814,163,
815,171,
816,197,
817,192,
818,180,
819,183,
820,206,
821,199,
822,191,
823,200,
824,197,
825,182,
826,185,
827,186,
828,179,
829,204,
830,210,
831,177,
832,209,
833,175,
834,172,
835,216,
836,190,
837,219,
838,185,
839,157,
840,189,
841,216,
842,187,
843,221,
844,172,
845,212,
846,177,
847,208,
848,200,
849,186,
850,198,
851,214,
852,215,
853,199,
854,198,
855,176,
856,183,
857,194,
858,181,
859,201,
860,183,
861,180,
862,202,
863,198,
864,166,
865,175,
866,179,
867,196,
868,200,
869,193,
870,202,
871,184,
872,190,
873,197,
874,204,
875,191,
876,186,
877,197,
878,188,
879,200,
880,195,
881,196,
882,196,
883,198,
884,191,
885,190,
886,211,
887,182,
888,180,
889,208,
890,209,
891,212,
892,190,
893,185,
894,191,
895,194,
896,195,
897,198,
898,173,
899,193,
900,200,
901,196,
902,195,
903,194,
904,189,
905,189,
906,170,
907,192,
908,193,
909,198,
910,201,
911,194,
912,195,
913,173,
914,199,
915,184,
916,197,
917,202,
918,188,
919,204,
920,206,
921,203,
922,210,
923,169,
924,182,
925,175,
926,166,
927,185,
928,167,
929,189,
930,158,
931,194,
932,215,
933,218,
934,170,
935,218,
936,221,
937,217,
938,179,
939,170,
940,165,
941,219,
942,220,
943,219,
944,184,
945,221,
946,167,
947,222,
948,171,
949,221,
950,222,
951,225,
952,213,
953,203,
954,181,
955,185,
956,177,
957,180,
958,188,
959,182,
960,185,
961,180,
962,173,
963,190,
964,198,
965,199,
966,203,
967,202,
968,188,
969,193,
970,200,
971,174,
972,164,
973,208,
974,187,
975,206,
976,207,
977,206,
978,205,
979,204,
980,202,
981,161,
982,199,
983,200,
984,194,
985,167,
986,191,
987,204,
988,193,
989,207,
990,190,
991,186,
992,181,
993,162,
994,189,
995,195,
996,191,
997,199,
998,194,
999,192,
1000,167,
1001,200,
1002,177,
1003,204,
1004,210,
1005,215,
1006,220,
1007,207,
1008,209,
1009,204,
1010,204,
1011,204,
1012,162,
1013,203,
1014,196,
1015,193,
1016,199,
1017,208,
1018,206,
1019,169,
1020,201,
1021,206,
1022,213,
1023,211,
1024,214,
1025,184,
1026,210,
1027,216,
1028,212,
1029,196,
1030,212,
1031,216,
1032,210,
1033,194,
1034,208,
1035,217,
1036,196,
1037,186,
1038,214,
1039,176,
1040,210,
1041,214,
1042,202,
1043,216,
1044,196,
1045,204,
1046,215,
1047,178,
1048,205,
1049,167,
1050,193,
1051,214,
1052,212,
1053,185,
1054,175,
1055,217,
1056,184,
1057,200,
1058,187,
1059,221,
1060,216,
1061,163,
1062,204,
1063,216,
1064,180,
1065,210,
1066,174,
1067,200,
1068,166,
1069,171,
1070,201,
1071,202,
1072,189,
1073,178,
1074,201,
1075,184,
1076,182,
1077,171,
1078,184,
1079,209,
1080,173,
1081,179,
1082,174,
1083,213,
1084,197,
1085,182,
1086,175,
1087,180,
1088,208,
1089,183,
1090,189,
1091,187,
1092,183,
1093,198,
1094,188,
1095,213,
1096,185,
1097,178,
1098,182,
1099,169,
1100,176,
1101,183,
1102,150,
1103,184,
1104,195,
1105,208,
1106,193,
1107,203,
1108,157,
1109,195,
1110,154,
1111,155,
1112,178,
1113,170,
1114,198,
1115,194,
1116,209,
1117,164,
1118,196,
1119,168,
1120,183,
1121,179,
1122,179,
1123,195,
1124,180,
1125,179,
1126,169,
1127,164,
1128,168,
1129,165,
1130,212,
1131,167,
1132,162,
1133,162,
1134,168,
1135,179,
1136,163,
1137,169,
1138,167,
1139,199,
1140,185,
1141,160,
1142,206,
1143,204,
1144,170,
1145,183,
1146,186,
1147,188,
1148,183,
1149,176,
1150,204,
1151,183,
1152,177,
1153,212,
1154,157,
1155,206,
1156,185,
1157,182,
1158,210,
1159,184,
1160,159,
1161,207,
1162,208,
1163,191,
1164,201,
1165,212,
1166,206,
1167,206,
1168,213,
1169,177,
1170,208,
1171,201,
1172,201,
1173,160,
1174,196,
1175,166,
1176,172,
1177,183,
1178,189,
1179,184,
1180,157,
1181,159,
1182,160,
1183,155,
1184,158,
1185,161,
1186,154,
1187,153,
1188,168,
1189,172,
1190,169,
1191,161,
1192,158,
1193,155,
1194,193,
1195,186,
1196,188,
1197,191,
1198,189,
1199,189,
1200,146,
1201,147,
1202,137,
1203,134,
1204,137,
1205,126,
1206,141,
1207,134,
1208,137,
1209,149,
1210,153,
1211,166,
1212,171,
1213,171,
1214,136,
1215,170,
1216,165,
1217,161,
1218,161,
1219,157,
1220,152,
1221,159,
1222,159,
1223,162,
1224,167,
1225,175,
1226,180,
1227,184,
1228,189,
1229,195,
1230,174,
1231,177,
1232,183,
1233,182,
1234,179,
1235,178,
1236,169,
1237,171,
1238,180,
1239,178,
1240,177,
1241,154,
1242,148,
1243,143,
1244,136,
1245,162,
1246,168,
1247,172,
1248,170,
1249,180,
1250,173,
1251,176,
1252,166,
1253,175,
1254,176,
1255,181,
1256,184,
1257,187,
1258,182,
1259,187,
1260,164,
1261,170,
1262,182,
1263,174,
1264,177,
1265,187,
1266,189,
1267,185,
1268,182,
1269,186,
1270,191,
1271,197,
1272,199,
1273,196,
1274,201,
1275,207,
1276,205,
1277,201,
1278,198,
1279,195,
1280,195,
1281,195,
1282,186,
1283,183,
1284,190,
1285,160,
1286,167,
1287,196,
1288,171,
1289,189,
1290,179,
1291,174,
1292,180,
1293,170,
1294,136,
1295,130,
1296,164,
1297,130,
1298,134,
1299,137,
1300,142,
1301,194,
1302,134,
1303,188,
1304,187,
1305,192,
1306,194,
1307,133,
1308,188,
1309,161,
1310,135,
1311,165,
1312,168,
1313,174,
1314,161,
1315,169,
1316,169,
1317,175,
1318,191,
1319,196,
1320,191,
1321,170,
1322,185,
1323,192,
1324,183,
1325,178,
1326,189,
1327,196,
1328,149,
1329,149,
1330,201,
1331,206,
1332,203,
1333,143,
1334,205,
1335,206,
1336,206,
1337,201,
1338,142,
1339,198,
1340,152,
1341,195,
1342,196,
1343,193,
1344,199,
1345,198,
1346,159,
1347,197,
1348,187,
1349,186,
1350,187,
1351,169,
1352,171,
1353,175,
1354,169,
1355,173,
1356,180,
1357,175,
1358,178,
1359,178,
1360,173,
1361,177,
1362,178,
1363,186,
1364,190,
1365,188,
1366,188,
1367,191,
1368,193,
1369,196,
1370,200,
1371,201,
1372,201,
1373,200,
1374,189,
1375,201,
1376,202,
1377,167,
1378,168,
1379,164,
1380,147,
1381,127,
1382,163,
1383,132,
1384,162,
1385,128,
1386,159,
1387,196,
1388,196,
1389,195,
1390,197,
1391,199,
1392,202,
1393,206,
1394,206,
1395,203,
1396,156,
1397,197,
1398,204,
1399,207,
1400,202,
1401,197,
1402,199,
1403,202,
1404,207,
1405,208,
1406,209,
1407,196,
1408,187,
1409,183,
1410,181,
1411,177,
1412,176,
1413,174,
1414,178,
1415,165,
1416,161,
1417,162,
1418,166,
1419,171,
1420,172,
1421,169,
1422,172,
1423,178,
1424,177,
1425,175,
1426,177,
1427,179,
1428,181,
1429,185,
1430,176,
1431,202,
1432,203,
1433,203,
1434,205,
1435,202,
1436,197,
1437,157,
1438,156,
1439,200,
1440,154,
1441,159,
1442,135,
1443,208,
1444,203,
1445,206,
1446,141,
1447,170,
1448,171,
1449,149,
1450,165,
1451,158,
1452,163,
1453,206,
1454,212,
1455,213,
1456,212,
1457,147,
1458,137,
1459,136,
1460,136,
1461,140,
1462,133,
1463,143,
1464,155,
1465,200,
1466,182,
1467,177,
1468,209,
1469,166,
1470,165,
1471,166,
1472,168,
1473,169,
1474,172,
1475,176,
1476,176,
1477,176,
1478,178,
1479,182,
1480,183,
1481,178,
1482,181,
1483,169,
1484,163,
1485,157,
1486,211,
1487,159,
1488,161,
1489,166,
1490,172,
1491,177,
1492,176,
1493,211,
1494,171,
1495,171,
1496,168,
1497,216,
1498,158,
1499,158,
1500,217,
1501,217,
1502,219,
1503,167,
1504,170,
1505,172,
1506,191,
1507,165,
1508,161,
1509,216,
1510,167,
1511,213,
1512,167,
1513,174,
1514,179,
1515,144,
1516,146,
1517,173,
1518,177,
1519,201,
1520,178,
1521,181,
1522,171,
1523,144,
1524,182,
1525,172,
1526,184,
1527,167,
1528,186,
1529,173,
1530,187,
1531,150,
1532,189,
1533,148,
1534,209,
1535,149,
1536,182,
1537,154,
1538,152,
1539,180,
1540,217,
1541,153,
1542,173,
1543,171,
1544,147,
1545,172,
1546,174,
1547,172,
1548,176,
1549,125,
1550,181,
1551,178,
1552,184,
1553,219,
1554,179,
1555,124,
1556,184,
1557,185,
1558,180,
1559,180,
1560,220,
1561,181,
1562,180,
1563,181,
1564,187,
1565,180,
1566,173,
1567,149,
1568,183,
1569,185,
1570,157,
1571,163,
1572,161,
1573,182,
1574,163,
1575,194,
1576,193,
1577,177,
1578,178,
1579,189,
1580,188,
1581,189,
1582,190,
1583,191,
1584,191,
1585,188,
1586,187,
1587,179,
1588,161,
1589,153,
1590,151,
1591,149,
1592,152,
1593,149,
1594,218,
1595,160,
1596,166,
1597,176,
1598,216,
1599,166,
1600,173,
1601,175,
1602,214,
1603,182,
1604,191,
1605,196,
1606,197,
1607,201,
1608,202,
1609,203,
1610,203,
1611,205,
1612,206,
1613,143,
1614,160,
1615,213,
1616,154,
1617,150,
1618,158,
1619,196,
1620,150,
1621,200,
1622,155,
1623,156,
1624,216,
1625,153,
1626,203,
1627,157,
1628,162,
1629,158,
1630,206,
1631,173,
1632,155,
1633,149,
1634,208,
1635,163,
1636,147,
1637,170,
1638,211,
1639,207,
1640,157,
1641,203,
1642,167,
1643,158,
1644,205,
1645,165,
1646,200,
1647,170,
1648,203,
1649,203,
1650,167,
1651,202,
1652,203,
1653,161,
1654,147,
1655,162,
1656,165,
1657,174,
1658,165,
1659,176,
1660,156,
1661,200,
1662,194,
1663,147,
1664,190,
1665,145,
1666,199,
1667,201,
1668,164,
1669,203,
1670,200,
1671,201,
1672,163,
1673,205,
1674,207,
1675,209,
1676,207,
1677,206,
1678,161,
1679,191,
1680,179,
1681,181,
1682,180,
1683,187,
1684,193,
1685,193,
1686,196,
1687,156,
1688,156,
1689,155,
1690,191,
1691,152,
1692,190,
1693,198,
1694,202,
1695,204,
1696,205,
1697,207,
1698,158,
1699,208,
1700,159,
1701,209,
1702,210,
1703,157,
1704,151,
1705,152,
1706,195,
1707,184,
1708,187,
1709,173,
1710,189,
1711,196,
1712,151,
1713,203,
1714,152,
1715,208,
1716,177,
1717,146,
1718,209,
1719,147,
1720,207,
1721,209,
1722,163,
1723,150,
1724,155,
1725,194,
1726,150,
1727,161,
1728,193,
1729,148,
1730,198,
1731,203,
1732,205,
1733,207,
1734,169,
1735,162,
1736,202,
1737,164,
1738,204,
1739,166,
1740,172,
1741,170,
1742,199,
1743,200,
1744,203,
1745,169,
1746,184,
1747,165,
1748,185,
1749,190,
1750,195,
1751,173,
1752,184,
1753,199,
1754,167,
1755,162,
1756,161,
1757,206,
1758,156,
1759,160,
1760,159,
1761,166,
1762,202,
1763,204,
1764,201,
1765,153,
1766,175,
1767,187,
1768,196,
1769,196,
1770,198,
1771,202,
1772,187,
1773,187,
1774,205,
1775,187,
1776,177,
1777,176,
1778,175,
1779,172,
1780,176,
1781,196,
1782,163,
1783,161,
1784,165,
1785,168,
1786,169,
1787,209,
1788,166,
1789,159,
1790,173,
1791,204,
1792,151,
1793,203,
1794,205,
1795,165,
1796,166,
1797,213,
1798,162,
1799,154,
1800,208,
1801,151,
1802,202,
1803,156,
1804,211,
1805,157,
1806,196,
1807,163,
1808,211,
1809,161,
1810,170,
1811,162,
1812,167,
1813,214,
1814,156,
1815,217,
1816,218,
1817,202,
1818,165,
1819,202,
1820,158,
1821,201,
1822,163,
1823,187,
1824,198,
1825,152,
1826,202,
1827,196,
1828,206,
1829,202,
1830,172,
1831,210,
1832,170,
1833,198,
1834,172,
1835,178,
1836,210,
1837,210,
1838,157,
1839,203,
1840,200,
1841,154,
1842,199,
1843,156,
1844,193,
1845,149,
1846,171,
1847,156,
1848,167,
1849,153,
1850,172,
1851,143,
1852,177,
1853,184,
1854,150,
1855,186,
1856,201,
1857,185,
1858,195,
1859,164,
1860,193,
1861,195,
1862,159,
1863,159,
1864,192,
1865,158,
1866,192,
1867,187,
1868,150,
1869,188,
1870,189,
1871,150,
1872,189,
1873,155,
1874,164,
1875,157,
1876,158,
1877,155,
1878,163,
1879,161,
1880,167,
1881,177,
1882,170,
1883,164,
1884,154,
1885,165,
1886,161,
1887,159,
1888,143,
1889,164,
1890,193,
1891,196,
1892,162,
1893,197,
1894,163,
1895,202,
1896,185,
1897,204,
1898,146,
1899,191,
1900,202,
1901,192,
1902,161,
1903,143,
1904,197,
1905,200,
1906,150,
1907,200,
1908,192,
1909,196,
1910,122,
1911,155,
1912,181,
1913,144,
1914,200,
1915,200,
1916,197,
1917,162,
1918,160,
1919,128,
1920,131,
1921,130,
1922,130,
1923,143,
1924,132,
1925,141,
1926,141,
1927,138,
1928,147,
1929,151,
1930,142,
1931,148,
1932,150,
1933,125,
1934,136,
1935,127,
1936,132,
1937,135,
1938,137,
1939,137,
1940,138,
1941,134,
1942,133,
1943,137,
1944,141,
1945,134,
1946,138,
1947,183,
1948,186,
1949,168,
1950,148,
1951,168,
1952,144,
1953,82,
1954,106,
1955,101,
1956,94,
1957,172,
1958,170,
1959,91,
1960,76,
1961,193,
1962,186,
1963,176,
1964,166,
1965,173,
1966,168,
1967,163,
1968,143,
1969,168,
1970,169,
1971,149,
1972,172,
1973,154,
1974,175,
1975,156,
1976,175,
1977,177,
1978,179,
1979,181,
1980,182,
1981,183,
1982,184,
1983,185,
1984,159,
1985,186,
1986,162,
1987,164,
1988,164,
1989,164,
1990,165,
1991,166,
1992,167,
1993,168,
1994,168,
1995,169,
1996,170,
1997,170,
1998,146,
1999,67,
2000,182,
2001,168,
2002,185,
2003,79,
2004,186,
2005,174,
2006,143,
2007,142,
2008,143,
2009,146,
2010,148,
2011,138,
2012,143,
2013,150,
2014,155,
2015,156,
2016,186,
2017,167,
2018,151,
2019,147,
2020,145,
2021,184,
2022,146,
2023,163,
2024,171,
2025,134,
2026,149,
2027,148,
2028,169,
2029,146,
2030,176,
2031,168,
2032,160,
2033,161,
2034,184,
2035,146,
2036,159,
2037,153,
2038,152,
2039,130,
2040,145,
2041,149,
2042,138,
2043,144,
2044,131,
2045,162,
2046,166,
2047,151,
2048,161,
2049,140,
2050,149,
2051,137,
2052,140,
2053,200,
2054,129,
2055,133,
2056,135,
2057,141,
2058,144,
2059,161,
2060,142,
2061,200,
2062,156,
2063,149,
2064,154,
2065,150,
2066,148,
2067,145,
2068,184,
2069,153,
2070,158,
2071,156,
2072,155,
2073,188,
2074,145,
2075,142,
2076,147,
2077,138,
2078,158,
2079,166,
2080,174,
2081,156,
2082,151,
2083,145,
2084,148,
2085,137,
2086,133,
2087,140,
2088,198,
2089,87,
2090,133,
2091,140,
2092,144,
2093,145,
2094,159,
2095,159,
2096,157,
2097,157,
2098,155,
2099,149,
2100,152,
2101,168,
2102,139,
2103,145,
2104,186,
2105,163,
2106,145,
2107,150,
2108,170,
2109,147,
2110,156,
2111,179,
2112,180,
2113,175,
2114,184,
2115,182,
2116,157,
2117,147,
2118,139,
2119,172,
2120,140,
2121,141,
2122,152,
2123,159,
2124,163,
2125,165,
2126,169,
2127,162,
2128,138,
2129,157,
2130,140,
2131,174,
2132,166,
2133,182,
2134,195,
2135,174,
2136,199,
2137,160,
2138,144,
2139,170,
2140,150,
2141,198,
2142,163,
2143,168,
2144,158,
2145,168,
2146,166,
2147,175,
2148,159,
2149,159,
2150,201,
2151,171,
2152,176,
2153,172,
2154,171,
2155,179,
2156,193,
2157,185,
2158,149,
2159,183,
2160,158,
2161,163,
2162,200,
2163,161,
2164,170,
2165,159,
2166,192,
2167,185,
2168,182,
2169,187,
2170,138,
2171,182,
2172,167,
2173,186,
2174,191,
2175,185,
2176,178,
2177,174,
2178,168,
2179,196,
2180,174,
2181,180,
2182,180,
2183,176,
2184,179,
2185,162,
2186,149,
2187,191,
2188,158,
2189,193,
2190,165,
2191,191,
2192,154,
2193,146,
2194,172,
2195,176,
2196,178,
2197,152,
2198,181,
2199,178,
2200,183,
2201,140,
2202,187,
2203,149,
2204,138,
2205,192,
2206,147,
2207,192,
2208,142,
2209,200,
2210,147,
2211,205,
2212,207,
2213,164,
2214,156,
2215,168,
2216,159,
2217,162,
2218,163,
2219,163,
2220,159,
2221,196,
2222,203,
2223,204,
2224,206,
2225,208,
2226,174,
2227,164,
2228,178,
2229,167,
2230,155,
2231,165,
2232,154,
2233,169,
2234,166,
2235,148,
2236,150,
2237,143,
2238,149,
2239,182,
2240,178,
2241,178,
2242,183,
2243,146,
2244,177,
2245,183,
2246,155,
2247,163,
2248,157,
2249,154,
2250,164,
2251,165,
2252,135,
2253,169,
2254,202,
2255,189,
2256,192,
2257,189,
2258,133,
2259,158,
2260,190,
2261,192,
2262,173,
2263,175,
2264,175,
2265,182,
2266,130,
2267,156,
2268,133,
2269,186,
2270,188,
2271,182,
2272,180,
2273,181,
2274,175,
2275,180,
2276,185,
2277,173,
2278,182,
2279,176,
2280,174,
2281,179,
2282,167,
2283,186,
2284,188,
2285,189,
2286,162,
2287,171,
2288,177,
2289,173,
2290,164,
2291,164,
2292,172,
2293,153,
2294,173,
2295,182,
2296,186,
2297,176,
2298,170,
2299,183,
2300,192,
2301,189,
2302,194,
2303,176,
2304,154,
2305,148,
2306,152,
2307,154,
2308,144,
2309,147,
2310,145,
2311,144,
2312,159,
2313,194,
2314,187,
2315,156,
2316,180,
2317,151,
2318,169,
2319,167,
2320,142,
2321,147,
2322,187,
2323,177,
2324,162,
2325,164,
2326,157,
2327,172,
2328,164,
2329,173,
2330,152,
2331,161,
2332,151,
2333,160,
2334,175,
2335,168,
2336,169,
2337,172,
2338,175,
2339,165,
2340,174,
2341,175,
2342,172,
2343,170,
2344,176,
2345,177,
2346,152,
2347,174,
2348,143,
2349,185,
2350,177,
2351,174,
2352,172,
2353,172,
2354,175,
2355,163,
2356,140,
2357,135,
2358,162,
2359,167,
2360,166,
2361,168,
2362,136,
2363,172,
2364,175,
2365,166,
2366,166,
2367,188,
2368,168,
2369,162,
2370,161,
2371,165,
2372,171,
2373,171,
2374,166,
2375,176,
2376,164,
2377,170,
2378,169,
2379,175,
2380,177,
2381,171,
2382,176,
2383,137,
2384,156,
2385,168,
2386,163,
2387,151,
2388,151,
2389,175,
2390,170,
2391,154,
2392,169,
2393,179,
2394,138,
2395,161,
2396,168,
2397,166,
2398,168,
2399,170,
2400,169,
2401,175,
2402,179,
2403,185,
2404,182,
2405,182,
2406,185,
2407,189,
2408,165,
2409,190,
2410,179,
2411,162,
2412,156,
2413,165,
2414,166,
2415,162,
2416,182,
2417,159,
2418,190,
2419,159,
2420,163,
2421,170,
2422,180,
2423,168,
2424,181,
2425,177,
2426,176,
2427,178,
2428,172,
2429,150,
2430,168,
2431,168,
2432,140,
2433,171,
2434,169,
2435,149,
2436,165,
2437,157,
2438,166,
2439,162,
2440,194,
2441,164,
2442,172,
2443,170,
2444,171,
2445,177,
2446,176,
2447,170,
2448,180,
2449,178,
2450,168,
2451,164,
2452,179,
2453,164,
2454,169,
2455,169,
2456,172,
2457,176,
2458,182,
2459,185,
2460,180,
2461,175,
2462,177,
2463,155,
2464,160,
2465,172,
2466,182,
2467,177,
2468,177,
2469,185,
2470,182,
2471,168,
2472,165,
2473,182,
2474,185,
2475,183,
2476,187,
2477,185,
2478,190,
2479,173,
2480,177,
2481,158,
2482,174,
2483,178,
2484,176,
2485,176,
2486,178,
2487,147,
2488,126,
2489,157,
2490,102,
2491,89,
2492,76,
2493,69,
2494,58,
2495,169,
2496,93,
2497,192,
2498,113,
2499,97,
2500,104,
2501,119,
2502,144,
2503,194,
2504,156,
2505,164,
2506,159,
2507,184,
2508,154,
2509,178,
2510,162,
2511,163,
2512,180,
2513,163,
2514,162,
2515,169,
2516,159,
2517,166,
2518,174,
2519,166,
2520,169,
2521,166,
2522,170,
2523,170,
2524,173,
2525,178,
2526,171,
2527,181,
2528,182,
2529,160,
2530,147,
2531,185,
2532,142,
2533,174,
2534,180,
2535,136,
2536,143,
2537,69,
2538,100,
2539,76,
2540,87,
2541,172,
2542,190,
2543,173,
2544,136,
2545,185,
2546,124,
2547,183,
2548,92,
2549,88,
2550,149,
2551,195,
2552,186,
2553,107,
2554,185,
2555,165,
2556,52,
2557,58,
2558,157,
2559,157,
2560,148,
2561,146,
2562,196,
2563,187,
2564,186,
2565,181,
2566,184,
2567,181,
2568,181,
2569,170,
2570,167,
2571,165,
2572,171,
2573,172,
2574,173,
2575,168,
2576,169,
2577,168,
2578,165,
2579,163,
2580,169,
2581,186,
2582,177,
2583,167,
2584,168,
2585,167,
2586,166,
2587,163,
2588,157,
2589,158,
2590,157,
2591,156,
2592,155,
2593,169,
2594,187,
2595,181,
2596,154,
2597,155,
2598,140,
2599,117,
2600,124,
2601,169,
2602,158,
2603,171,
2604,193,
2605,179,
2606,146,
2607,192,
2608,177,
2609,184,
2610,147,
2611,114,
2612,119,
2613,191,
2614,192,
2615,188,
2616,189,
2617,194,
2618,190,
2619,190,
2620,188,
2621,183,
2622,179,
2623,168,
2624,176,
2625,190,
2626,114,
2627,103,
2628,113,
2629,119,
2630,118,
2631,112,
2632,142,
2633,164,
2634,117,
2635,139,
2636,168,
2637,136,
2638,136,
2639,127,
2640,125,
2641,191,
2642,132,
2643,138,
2644,173,
2645,128,
2646,125,
2647,156,
2648,187,
2649,164,
2650,187,
2651,160,
2652,120,
2653,159,
2654,121,
2655,117,
2656,120,
2657,119,
2658,115,
2659,154,
2660,163,
2661,156,
2662,148,
2663,155,
2664,174,
2665,175,
2666,145,
2667,147,
2668,138,
2669,138,
2670,135,
2671,137,
2672,145,
2673,163,
2674,119,
2675,162,
2676,115,
2677,110,
2678,116,
2679,187,
2680,164,
2681,126,
2682,115,
2683,121,
2684,185,
2685,115,
2686,122,
2687,134,
2688,134,
2689,179,
2690,120,
2691,137,
2692,134,
2693,131,
2694,172,
2695,149,
2696,145,
2697,119,
2698,141,
2699,137,
2700,125,
2701,113,
2702,142,
2703,129,
2704,110,
2705,132,
2706,106,
2707,129,
2708,125,
2709,117,
2710,115,
2711,122,
2712,136,
2713,120,
2714,121,
2715,126,
2716,160,
2717,128,
2718,127,
2719,127,
2720,112,
2721,97,
2722,142,
2723,156,
2724,161,
2725,165,
2726,169,
2727,206,
2728,181,
2729,122,
2730,129,
2731,202,
2732,202,
2733,144,
2734,145,
2735,147,
2736,151,
2737,148,
2738,143,
2739,140,
2740,135,
2741,132,
2742,135,
2743,144,
2744,148,
2745,153,
2746,156,
2747,158,
2748,164,
2749,159,
2750,157,
2751,154,
2752,158,
2753,162,
2754,168,
2755,171,
2756,170,
2757,171,
2758,174,
2759,165,
2760,160,
2761,162,
2762,158,
2763,157,
2764,156,
2765,157,
2766,155,
2767,157,
2768,154,
2769,157,
2770,160,
2771,156,
2772,163,
2773,171,
2774,172,
2775,170,
2776,178,
2777,180,
2778,178,
2779,174,
2780,179,
2781,181,
2782,175,
2783,161,
2784,165,
2785,163,
2786,164,
2787,159,
2788,164,
2789,164,
2790,176,
2791,173,
2792,168,
2793,170,
2794,169,
2795,164,
2796,167,
2797,165,
2798,159,
2799,164,
2800,134,
2801,128,
2802,130,
2803,129,
2804,167,
2805,164,
2806,161,
2807,157,
2808,164,
2809,165,
2810,176,
2811,178,
2812,176,
2813,175,
2814,175,
2815,174,
2816,173,
2817,182,
2818,178,
2819,181,
2820,184,
2821,186,
2822,177,
2823,181,
2824,182,
2825,185,
2826,179,
2827,178,
2828,177,
2829,127,
2830,117,
2831,192,
2832,178,
2833,180,
2834,183,
2835,168,
2836,162,
2837,158,
2838,159,
2839,160,
2840,165,
2841,167,
2842,154,
2843,155,
2844,159,
2845,193,
2846,147,
2847,121,
2848,112,
2849,122,
2850,146,
2851,125,
2852,137,
2853,146,
2854,192,
2855,177,
2856,154,
2857,170,
2858,178,
2859,174,
2860,176,
2861,184,
2862,180,
2863,173,
2864,180,
2865,157,
2866,164,
2867,171,
2868,179,
2869,180,
2870,176,
2871,179,
2872,178,
2873,179,
2874,179,
2875,184,
2876,189,
2877,190,
2878,186,
2879,191,
2880,185,
2881,170,
2882,168,
2883,165,
2884,161,
2885,167,
2886,175,
2887,172,
2888,171,
2889,167,
2890,170,
2891,169,
2892,160,
2893,167,
2894,165,
2895,170,
2896,173,
2897,163,
2898,159,
2899,154,
2900,155,
2901,149,
2902,148,
2903,150,
2904,147,
2905,150,
2906,154,
2907,152,
2908,157,
2909,161,
2910,164,
2911,166,
2912,163,
2913,167,
2914,164,
2915,164,
2916,155,
2917,167,
2918,162,
2919,162,
2920,155,
2921,160,
2922,167,
2923,179,
2924,178,
2925,171,
2926,167,
2927,169,
2928,173,
2929,169,
2930,171,
2931,167,
2932,170,
2933,165,
2934,129,
2935,127,
2936,159,
2937,159,
2938,154,
2939,158,
2940,156,
2941,154,
2942,154,
2943,155,
2944,170,
2945,175,
2946,179,
2947,182,
2948,193,
2949,202,
2950,195,
2951,142,
2952,153,
2953,163,
2954,174,
2955,170,
2956,173,
2957,166,
2958,172,
2959,183,
2960,183,
2961,178,
2962,183,
2963,179,
2964,180,
2965,184,
2966,188,
2967,191,
2968,192,
2969,194,
2970,190,
2971,176,
2972,165,
2973,139,
2974,147,
2975,137,
2976,127,
2977,147,
2978,140,
2979,143,
2980,151,
2981,144,
2982,141,
2983,144,
2984,161,
2985,174,
2986,155,
2987,144,
2988,150,
2989,179,
2990,171,
2991,149,
2992,171,
2993,163,
2994,145,
2995,185,
2996,185,
2997,184,
2998,183,
2999,175,
3000,166,
3001,167,
3002,176,
3003,172,
3004,177,
3005,178,
3006,167,
3007,153,
3008,173,
3009,163,
3010,192,
3011,146,
3012,158,
3013,151,
3014,163,
3015,174,
3016,181,
3017,163,
3018,147,
3019,119,
3020,136,
3021,141,
3022,148,
3023,150,
3024,167,
3025,174,
3026,176,
3027,179,
3028,184,
3029,186,
3030,183,
3031,182,
3032,180,
3033,175,
3034,172,
3035,164,
3036,165,
3037,163,
3038,162,
3039,162,
3040,164,
3041,164,
3042,172,
3043,173,
3044,162,
3045,126,
3046,129,
3047,110,
3048,109,
3049,129,
3050,131,
3051,151,
3052,187,
3053,170,
3054,168,
3055,168,
3056,165,
3057,164,
3058,169,
3059,171,
3060,164,
3061,167,
3062,167,
3063,173,
3064,165,
3065,169,
3066,169,
3067,175,
3068,124,
3069,128,
3070,131,
3071,130,
3072,135,
3073,124,
3074,130,
3075,156,
3076,169,
3077,146,
3078,140,
3079,147,
3080,148,
3081,135,
3082,180,
3083,129,
3084,191,
3085,192,
3086,188,
3087,180,
3088,174,
3089,178,
3090,182,
3091,188,
3092,189,
3093,191,
3094,191,
3095,191,
3096,186,
3097,175,
3098,162,
3099,166,
3100,171,
3101,169,
3102,169,
3103,170,
3104,170,
3105,171,
3106,174,
3107,169,
3108,172,
3109,163,
3110,158,
3111,162,
3112,177,
3113,177,
3114,174,
3115,172,
3116,175,
3117,176,
3118,178,
3119,176,
3120,178,
3121,158,
3122,147,
3123,154,
3124,171,
3125,173,
3126,173,
3127,184,
3128,159,
3129,158,
3130,155,
3131,156,
3132,163,
3133,171,
3134,130,
3135,171,
3136,127,
3137,136,
3138,136,
3139,144,
3140,147,
3141,145,
3142,144,
3143,154,
3144,160,
3145,160,
3146,184,
3147,163,
3148,171,
3149,168,
3150,171,
3151,165,
3152,171,
3153,168,
3154,162,
3155,163,
3156,154,
3157,156,
3158,145,
3159,164,
3160,171,
3161,164,
3162,147,
3163,172,
3164,173,
3165,131,
3166,154,
3167,142,
3168,162,
3169,158,
3170,156,
3171,154,
3172,155,
3173,143,
3174,175,
3175,137,
3176,134,
3177,143,
3178,169,
3179,141,
3180,149,
3181,178,
3182,159,
3183,152,
3184,162,
3185,121,
3186,146,
3187,142,
3188,140,
3189,154,
3190,172,
3191,153,
3192,170,
3193,171,
3194,171,
3195,174,
3196,175,
3197,173,
3198,174,
3199,168,
3200,167,
3201,167,
3202,173,
3203,174,
3204,180,
3205,154,
3206,161,
3207,178,
3208,166,
3209,172,
3210,172,
3211,173,
3212,178,
3213,178,
3214,173,
3215,169,
3216,172,
3217,170,
3218,166,
3219,168,
3220,131,
3221,157,
3222,155,
3223,148,
3224,137,
3225,149,
3226,151,
3227,152,
3228,154,
3229,134,
3230,132,
3231,130,
3232,140,
3233,145,
3234,145,
3235,145,
3236,143,
3237,145,
3238,141,
3239,145,
3240,149,
3241,144,
3242,142,
3243,145,
3244,142,
3245,139,
3246,137,
3247,141,
3248,144,
3249,150,
3250,150,
3251,158,
3252,153,
3253,153,
3254,154,
3255,156,
3256,157,
3257,163,
3258,163,
3259,155,
3260,156,
3261,147,
3262,161,
3263,166,
3264,159,
3265,132,
3266,138,
3267,136,
3268,148,
3269,143,
3270,132,
3271,128,
3272,127,
3273,124,
3274,167,
3275,164,
3276,159,
3277,166,
3278,160,
3279,165,
3280,125,
3281,132,
3282,170,
3283,163,
3284,171,
3285,139,
3286,130,
3287,117,
3288,113,
3289,106,
3290,109,
3291,112,
3292,170,
3293,126,
3294,146,
3295,176,
3296,182,
3297,176,
3298,173,
3299,131,
3300,127,
3301,136,
3302,137,
3303,133,
3304,128,
3305,124,
3306,123,
3307,123,
3308,136,
3309,130,
3310,175,
3311,181,
3312,136,
3313,190,
3314,186,
3315,172,
3316,152,
3317,133,
3318,138,
3319,141,
3320,128,
3321,132,
3322,121,
3323,180,
3324,167,
3325,173,
3326,174,
3327,164,
3328,164,
3329,159,
3330,154,
3331,174,
3332,136,
3333,126,
3334,145,
3335,114,
3336,127,
3337,126,
3338,127,
3339,150,
3340,139,
3341,158,
3342,125,
3343,134,
3344,162,
3345,135,
3346,118,
3347,124,
3348,124,
3349,126,
3350,139,
3351,144,
3352,153,
3353,142,
3354,141,
3355,149,
3356,147,
3357,144,
3358,135,
3359,150,
3360,140,
3361,135,
3362,138,
3363,145,
3364,131,
3365,150,
3366,139,
3367,115,
3368,100,
3369,117,
3370,128,
3371,172,
3372,163,
3373,164,
3374,143,
3375,164,
3376,127,
3377,125,
3378,151,
3379,131,
3380,164,
3381,139,
3382,162,
3383,144,
3384,141,
3385,151,
3386,143,
3387,154,
3388,159,
3389,160,
3390,165,
3391,112,
3392,150,
3393,139,
3394,133,
3395,134,
3396,141,
3397,120,
3398,113,
3399,116,
3400,119,
3401,122,
3402,166,
3403,123,
3404,135,
3405,137,
3406,148,
3407,173,
3408,143,
3409,174,
3410,179,
3411,130,
3412,174,
3413,141,
3414,136,
3415,128,
3416,145,
3417,179,
3418,142,
3419,122,
3420,142,
3421,148,
3422,179,
3423,135,
3424,187,
3425,121,
3426,124,
3427,125,
3428,176,
3429,131,
3430,170,
3431,166,
3432,174,
3433,129,
3434,183,
3435,133,
3436,187,
3437,190,
3438,188,
3439,179,
3440,142,
3441,183,
3442,131,
3443,176,
3444,128,
3445,182,
3446,135,
3447,128,
3448,176,
3449,123,
3450,175,
3451,140,
3452,128,
3453,153,
3454,142,
3455,140,
3456,113,
3457,141,
3458,133,
3459,141,
3460,135,
3461,146,
3462,135,
3463,141,
3464,141,
3465,134,
3466,139,
3467,197,
3468,193,
3469,179,
3470,180,
3471,179,
3472,179,
3473,179,
3474,182,
3475,175,
3476,137,
3477,138,
3478,129,
3479,152,
3480,132,
3481,127,
3482,125,
3483,155,
3484,130,
3485,155,
3486,130,
3487,180,
3488,185,
3489,186,
3490,165,
3491,156,
3492,180,
3493,177,
3494,150,
3495,181,
3496,179,
3497,156,
3498,165,
3499,154,
3500,167,
3501,167,
3502,143,
3503,162,
3504,153,
3505,137,
3506,159,
3507,129,
3508,165,
3509,161,
3510,156,
3511,169,
3512,175,
3513,129,
3514,181,
3515,182,
3516,176,
3517,167,
3518,176,
3519,172,
3520,167,
3521,143,
3522,167,
3523,170,
3524,173,
3525,165,
3526,166,
3527,156,
3528,156,
3529,153,
3530,155,
3531,149,
3532,145,
3533,154,
3534,149,
3535,146,
3536,138,
3537,133,
3538,155,
3539,135,
3540,127,
3541,124,
3542,121,
3543,154,
3544,119,
3545,118,
3546,119,
3547,120,
3548,120,
3549,131,
3550,146,
3551,138,
3552,168,
3553,147,
3554,146,
3555,147,
3556,146,
3557,148,
3558,149,
3559,149,
3560,159,
3561,157,
3562,161,
3563,165,
3564,144,
3565,143,
3566,131,
3567,152,
3568,163,
3569,164,
3570,150,
3571,151,
3572,154,
3573,169,
3574,161,
3575,161,
3576,163,
3577,165,
3578,169,
3579,173,
3580,171,
3581,174,
3582,172,
3583,170,
3584,174,
3585,177,
3586,179,
3587,182,
3588,182,
3589,177,
3590,180,
3591,129,
3592,119,
3593,122,
3594,128,
3595,120,
3596,112,
3597,138,
3598,136,
3599,153,
3600,143,
3601,121,
3602,179,
3603,172,
3604,145,
3605,169,
3606,168,
3607,165,
3608,164,
3609,165,
3610,169,
3611,170,
3612,170,
3613,170,
3614,170,
3615,120,
3616,166,
3617,167,
3618,169,
3619,128,
3620,141,
3621,174,
3622,132,
3623,173,
3624,156,
3625,121,
3626,179,
3627,181,
3628,180,
3629,178,
3630,180,
3631,181,
3632,177,
3633,172,
3634,129,
3635,169,
3636,162,
3637,165,
3638,167,
3639,150,
3640,168,
3641,127,
3642,170,
3643,131,
3644,173,
3645,167,
3646,120,
3647,153,
3648,126,
3649,152,
3650,139,
3651,169,
3652,172,
3653,175,
3654,144,
3655,143,
3656,145,
3657,152,
3658,139,
3659,146,
3660,140,
3661,149,
3662,154,
3663,160,
3664,165,
3665,167,
3666,156,
3667,164,
3668,133,
3669,172,
3670,161,
3671,144,
3672,139,
3673,131,
3674,160,
3675,114,
3676,141,
3677,158,
3678,165,
3679,111,
3680,145,
3681,137,
3682,119,
3683,124,
3684,127,
3685,131,
3686,162,
3687,172,
3688,162,
3689,162,
3690,163,
3691,162,
3692,168,
3693,168,
3694,169,
3695,170,
3696,145,
3697,176,
3698,173,
3699,169,
3700,160,
3701,164,
3702,170,
3703,177,
3704,147,
3705,168,
3706,139,
3707,168,
3708,171,
3709,173,
3710,172,
3711,173,
3712,175,
3713,124,
3714,117,
3715,178,
3716,178,
3717,180,
3718,180,
3719,178,
3720,147,
3721,141,
3722,176,
3723,119,
3724,178,
3725,178,
3726,184,
3727,188,
3728,135,
3729,147,
3730,192,
3731,139,
3732,125,
3733,146,
3734,182,
3735,176,
3736,176,
3737,174,
3738,152,
3739,147,
3740,141,
3741,145,
3742,138,
3743,143,
3744,135,
3745,172,
3746,170,
3747,168,
3748,173,
3749,178,
3750,136,
3751,176,
3752,135,
3753,168,
3754,138,
3755,164,
3756,160,
3757,141,
3758,174,
3759,170,
3760,144,
3761,176,
3762,166,
3763,134,
3764,166,
3765,179,
3766,167,
3767,167,
3768,163,
3769,169,
3770,171,
3771,169,
3772,178,
3773,142,
3774,177,
3775,180,
3776,182,
3777,184,
3778,182,
3779,184,
3780,181,
3781,174,
3782,172,
3783,175,
3784,172,
3785,144,
3786,175,
3787,177,
3788,178,
3789,181,
3790,181,
3791,185,
3792,181,
3793,185,
3794,150,
3795,173,
3796,170,
3797,154,
3798,159,
3799,148,
3800,168,
3801,162,
3802,163,
3803,173,
3804,178,
3805,180,
3806,131,
3807,178,
3808,131,
3809,187,
3810,156,
3811,197,
3812,143,
3813,157,
3814,203,
3815,193,
3816,171,
3817,171,
3818,193,
3819,182,
3820,175,
3821,181,
3822,184,
3823,179,
3824,176,
3825,176,
3826,176,
3827,181,
3828,180,
3829,163,
3830,183,
3831,182,
3832,162,
3833,189,
3834,154,
3835,127,
3836,195,
3837,158,
3838,176,
3839,198,
3840,164,
3841,133,
3842,196,
3843,169,
3844,197,
3845,198,
3846,194,
3847,176,
3848,196,
3849,198,
3850,197,
3851,127,
3852,172,
3853,195,
3854,193,
3855,181,
3856,181,
3857,172,
3858,127,
3859,185,
3860,180,
3861,178,
3862,176,
3863,179,
3864,177,
3865,189,
3866,179,
3867,176,
3868,169,
3869,169,
3870,171,
3871,155,
3872,156,
3873,164,
3874,173,
3875,134,
3876,127,
3877,136,
3878,126,
3879,118,
3880,181,
3881,182,
3882,169,
3883,169,
3884,181,
3885,164,
3886,173,
3887,178,
3888,173,
3889,166,
3890,170,
3891,170,
3892,127,
3893,164,
3894,200,
3895,172,
3896,164,
3897,146,
3898,142,
3899,155,
3900,156,
3901,148,
3902,156,
3903,161,
3904,161,
3905,163,
3906,168,
3907,161,
3908,167,
3909,193,
3910,193,
3911,164,
3912,159,
3913,159,
3914,158,
3915,153,
3916,156,
3917,147,
3918,151,
3919,108,
3920,141,
3921,165,
3922,164,
3923,163,
3924,159,
3925,163,
3926,181,
3927,190,
3928,197,
3929,199,
3930,175,
3931,84,
3932,105,
3933,121,
3934,134,
3935,147,
3936,159,
3937,170,
3938,179,
3939,147,
3940,110,
3941,140,
3942,154,
3943,163,
3944,158,
3945,150,
3946,165,
3947,165,
3948,175,
3949,174,
3950,183,
3951,192,
3952,196,
3953,196,
3954,206,
3955,212,
3956,216,
3957,221,
3958,223,
3959,223,
3960,222,
3961,219,
3962,217,
3963,214,
3964,212,
3965,214,
3966,216,
3967,201,
3968,205,
3969,207,
3970,208,
3971,209,
3972,211,
3973,207,
3974,193,
3975,190,
3976,175,
3977,174,
3978,167,
3979,164,
3980,172,
3981,179,
3982,184,
3983,158,
3984,155,
3985,151,
3986,150,
3987,152,
3988,149,
3989,154,
3990,156,
3991,158,
3992,164,
3993,142,
3994,99,
3995,88,
3996,35,
3997,61,
3998,82,
3999,105,
4000,121,
4001,118,
4002,117,
4003,116,
4004,116,
4005,115,
4006,113,
4007,110,
4008,110,
4009,106,
4010,95,
4011,91,
4012,91,
4013,98,
4014,108,
4015,114,
4016,106,
4017,110,
4018,108,
4019,111,
4020,92,
4021,19,
4022,21,
4023,37,
4024,52,
4025,68,
4026,86,
4027,99,
4028,110,
4029,128,
4030,150,
4031,147,
4032,137,
4033,142,
4034,139,
4035,143,
4036,142,
4037,137,
4038,148,
4039,153,
4040,159,
4041,164,
4042,174,
4043,182,
4044,182,
4045,162,
4046,171,
4047,173,
4048,178,
4049,167,
4050,127,
4051,130,
4052,128,
4053,123,
4054,123,
4055,181,
4056,119,
4057,122,
4058,120,
4059,118,
4060,113,
4061,110,
4062,66,
4063,83,
4064,96,
4065,115,
4066,126,
4067,144,
4068,159,
4069,148,
4070,138,
4071,140,
4072,137,
4073,138,
4074,139,
4075,139,
4076,145,
4077,137,
4078,130,
4079,123,
4080,120,
4081,118,
4082,112,
4083,110,
4084,101,
4085,78,
4086,96,
4087,113,
4088,131,
4089,137,
4090,145,
4091,127,
4092,102,
4093,113,
4094,115,
4095,132,
4096,124,
4097,115,
4098,112,
4099,114,
4100,115,
4101,114,
4102,120,
4103,123,
4104,126,
4105,123,
4106,130,
4107,111,
4108,91,
4109,87,
4110,118,
4111,152,
4112,142,
4113,154,
4114,168,
4115,98,
4116,103,
4117,101,
4118,109,
4119,118,
4120,111,
4121,122,
4122,133,
4123,133,
4124,137,
4125,141,
4126,150,
4127,161,
4128,148,
4129,148,
4130,151,
4131,153,
4132,143,
4133,132,
4134,134,
4135,132,
4136,133,
4137,159,
4138,164,
4139,160,
4140,159,
4141,141,
4142,135,
4143,136,
4144,135,
4145,137,
4146,141,
4147,140,
4148,117,
4149,109,
4150,112,
4151,111,
4152,119,
4153,129,
4154,121,
4155,33,
4156,45,
4157,57,
4158,63,
4159,78,
4160,82,
4161,98,
4162,102,
4163,111,
4164,181,
4165,129,
4166,134,
4167,139,
4168,144,
4169,139,
4170,147,
4171,137,
4172,137,
4173,146,
4174,146,
4175,140,
4176,140,
4177,135,
4178,126,
4179,131,
4180,128,
4181,116,
4182,115,
4183,122,
4184,125,
4185,125,
4186,129,
4187,135,
4188,132,
4189,130,
4190,133,
4191,137,
4192,138,
4193,136,
4194,141,
4195,166,
4196,141,
4197,148,
4198,152,
4199,152,
4200,159,
4201,160,
4202,164,
4203,167,
4204,169,
4205,169,
4206,149,
4207,90,
4208,105,
4209,122,
4210,134,
4211,141,
4212,138,
4213,139,
4214,142,
4215,132,
4216,146,
4217,149,
4218,151,
4219,163,
4220,173,
4221,140,
4222,138,
4223,142,
4224,157,
4225,168,
4226,176,
4227,180,
4228,175,
4229,175,
4230,176,
4231,159,
4232,148,
4233,130,
4234,128,
4235,131,
4236,125,
4237,132,
4238,130,
4239,129,
4240,135,
4241,138,
4242,137,
4243,149,
4244,162,
4245,165,
4246,146,
4247,160,
4248,160,
4249,166,
4250,169,
4251,181,
4252,181,
4253,187,
4254,185,
4255,186,
4256,189,
4257,192,
4258,151,
4259,160,
4260,141,
4261,159,
4262,168,
4263,178,
4264,182,
4265,189,
4266,193,
4267,192,
4268,196,
4269,200,
4270,201,
4271,200,
4272,205,
4273,208,
4274,209,
4275,211,
4276,211,
4277,202,
4278,193,
4279,190,
4280,194,
4281,196,
4282,188,
4283,192,
4284,167,
4285,147,
4286,137,
4287,162,
4288,149,
4289,176,
4290,167,
4291,138,
4292,146,
4293,148,
4294,151,
4295,160,
4296,157,
4297,154,
4298,160,
4299,169,
4300,163,
4301,154,
4302,161,
4303,169,
4304,137,
4305,163,
4306,165,
4307,163,
4308,147,
4309,129,
4310,141,
4311,155,
4312,158,
4313,160,
4314,149,
4315,153,
4316,137,
4317,153,
4318,152,
4319,157,
4320,135,
4321,125,
4322,124,
4323,159,
4324,133,
4325,136,
4326,150,
4327,134,
4328,120,
4329,125,
4330,130,
4331,137,
4332,141,
4333,142,
4334,147,
4335,144,
4336,151,
4337,154,
4338,156,
4339,153,
4340,133,
4341,149,
4342,137,
4343,112,
4344,116,
4345,131,
4346,140,
4347,149,
4348,155,
4349,158,
4350,163,
4351,167,
4352,155,
4353,153,
4354,157,
4355,153,
4356,131,
4357,155,
4358,161,
4359,165,
4360,166,
4361,134,
4362,167,
4363,132,
4364,135,
4365,151,
4366,144,
4367,139,
4368,149,
4369,153,
4370,160,
4371,161,
4372,162,
4373,164,
4374,170,
4375,169,
4376,175,
4377,178,
4378,137,
4379,162,
4380,151,
4381,149,
4382,144,
4383,146,
4384,150,
4385,158,
4386,163,
4387,165,
4388,163,
4389,170,
4390,175,
4391,166,
4392,175,
4393,175,
4394,172,
4395,175,
4396,176,
4397,150,
4398,155,
4399,172,
4400,179,
4401,179,
4402,183,
4403,170,
4404,120,
4405,165,
4406,166,
4407,165,
4408,167,
4409,168,
4410,168,
4411,175,
4412,158,
4413,158,
4414,167,
4415,157,
4416,152,
4417,150,
4418,152,
4419,148,
4420,159,
4421,167,
4422,168,
4423,170,
4424,170,
4425,173,
4426,179,
4427,184,
4428,189,
4429,178,
4430,182,
4431,185,
4432,142,
4433,180,
4434,118,
4435,166,
4436,153,
4437,142,
4438,144,
4439,154,
4440,157,
4441,157,
4442,161,
4443,162,
4444,165,
4445,164,
4446,169,
4447,169,
4448,171,
4449,171,
4450,154,
4451,174,
4452,150,
4453,145,
4454,148,
4455,151,
4456,158,
4457,163,
4458,169,
4459,172,
4460,175,
4461,173,
4462,172,
4463,177,
4464,171,
4465,172,
4466,167,
4467,168,
4468,169,
4469,165,
4470,170,
4471,167,
4472,171,
4473,189,
4474,183,
4475,161,
4476,133,
4477,145,
4478,125,
4479,119,
4480,135,
4481,146,
4482,144,
4483,138,
4484,141,
4485,185,
4486,146,
4487,168,
4488,150,
4489,141,
4490,149,
4491,153,
4492,155,
4493,163,
4494,154,
4495,156,
4496,170,
4497,155,
4498,157,
4499,159,
4500,157,
4501,159,
4502,155,
4503,159,
4504,147,
4505,149,
4506,173,
4507,167,
4508,168,
4509,172,
4510,143,
4511,167,
4512,156,
4513,152,
4514,142,
4515,140,
4516,129,
4517,137,
4518,137,
4519,138,
4520,135,
4521,137,
4522,132,
4523,135,
4524,129,
4525,126,
4526,124,
4527,135,
4528,131,
4529,129,
4530,138,
4531,144,
4532,138,
4533,143,
4534,133,
4535,142,
4536,131,
4537,131,
4538,121,
4539,120,
4540,144,
4541,118,
4542,119,
4543,113,
4544,110,
4545,107,
4546,105,
4547,111,
4548,98,
4549,104,
4550,105,
4551,103,
4552,96,
4553,96,
4554,94,
4555,102,
4556,100,
4557,100,
4558,104,
4559,110,
4560,110,
4561,119,
4562,123,
4563,126,
4564,127,
4565,133,
4566,137,
4567,142,
4568,129,
4569,137,
4570,128,
4571,129,
4572,115,
4573,118,
4574,131,
4575,133,
4576,122,
4577,119,
4578,124,
4579,126,
4580,122,
4581,119,
4582,125,
4583,130,
4584,135,
4585,129,
4586,126,
4587,127,
4588,135,
4589,120,
4590,129,
4591,133,
4592,135,
4593,124,
4594,133,
4595,126,
4596,160,
4597,164,
4598,181,
4599,195,
4600,195,
4601,188,
4602,163,
4603,159,
4604,202,
4605,173,
4606,177,
4607,169,
4608,170,
4609,172,
4610,208,
4611,205,
4612,171,
4613,162,
4614,190,
4615,186,
4616,181,
4617,98,
4618,190,
4619,181,
4620,164,
4621,175,
4622,175,
4623,180,
4624,198,
4625,203,
4626,197,
4627,127,
4628,213,
4629,206,
4630,216,
4631,191,
4632,169,
4633,123,
4634,215,
4635,218,
4636,195,
4637,193,
4638,159,
4639,177,
4640,221,
4641,223,
4642,222,
4643,155,
4644,190,
4645,192,
4646,192,
4647,200,
4648,193,
4649,224,
4650,200,
4651,200,
4652,213,
4653,128,
4654,154,
4655,160,
4656,137,
4657,160,
4658,222,
4659,230,
4660,182,
4661,231,
4662,203,
4663,208,
4664,142,
4665,198,
4666,155,
4667,149,
4668,225,
4669,102,
4670,177,
4671,82,
4672,106,
4673,173,
4674,195,
4675,199,
4676,192,
4677,165,
4678,199,
4679,191,
4680,202,
4681,202,
4682,117,
4683,193,
4684,93,
4685,203,
4686,188,
4687,201,
4688,82,
4689,174,
4690,156,
4691,144,
4692,140,
4693,146,
4694,127,
4695,109,
4696,5,
4697,0,
4698,60,
4699,88,
4700,187,
4701,194,
4702,208,
4703,205,
4704,92,
4705,198,
4706,203,
4707,203,
4708,208,
4709,212,
4710,215,
4711,219,
4712,217,
4713,202,
4714,194,
4715,195,
4716,197,
4717,156,
4718,198,
4719,189,
4720,197,
4721,166,
4722,185,
4723,158,
4724,170,
4725,176,
4726,198,
4727,192,
4728,170,
4729,196,
4730,203,
4731,198,
4732,136,
4733,124,
4734,153,
4735,202,
4736,206,
4737,199,
4738,201,
4739,155,
4740,206,
4741,171,
4742,172,
4743,165,
4744,163,
4745,208,
4746,218,
4747,178,
4748,168,
4749,166,
4750,152,
4751,205,
4752,151,
4753,155,
4754,148,
4755,134,
4756,199,
4757,201,
4758,199,
4759,201,
4760,182,
4761,198,
4762,198,
4763,209,
4764,138,
4765,210,
4766,198,
4767,191,
4768,194,
4769,192,
4770,201,
4771,201,
4772,188,
4773,200,
4774,201,
4775,189,
4776,182,
4777,197,
4778,198,
4779,198,
4780,205,
4781,217,
4782,188,
4783,185,
4784,186,
4785,182,
4786,192,
4787,132,
4788,193,
4789,181,
4790,182,
4791,176,
4792,190,
4793,175,
4794,175,
4795,177,
4796,184,
4797,174,
4798,189,
4799,197,
4800,117,
4801,179,
4802,178,
4803,188,
4804,193,
4805,193,
4806,164,
4807,168,
4808,191,
4809,150,
4810,208,
4811,181,
4812,147,
4813,171,
4814,175,
4815,203,
4816,178,
4817,202,
4818,157,
4819,185,
4820,189,
4821,184,
4822,189,
4823,188,
4824,169,
4825,167,
4826,204,
4827,202,
4828,170,
4829,176,
4830,159,
4831,172,
4832,193,
4833,136,
4834,138,
4835,183,
4836,209,
4837,137,
4838,123,
4839,111,
4840,173,
4841,212,
4842,169,
4843,123,
4844,131,
4845,174,
4846,181,
4847,136,
4848,190,
4849,164,
4850,126,
4851,181,
4852,144,
4853,194,
4854,205,
4855,133,
4856,141,
4857,138,
4858,146,
4859,158,
4860,173,
4861,173,
4862,183,
4863,196,
4864,200,
4865,172,
4866,178,
4867,175,
4868,185,
4869,164,
4870,162,
4871,177,
4872,147,
4873,179,
4874,101,
4875,108,
4876,100,
4877,98,
4878,83,
4879,79,
4880,160,
4881,167,
4882,121,
4883,146,
4884,94,
4885,93,
4886,88,
4887,81,
4888,78,
4889,73,
4890,68,
4891,58,
4892,59,
4893,57,
4894,61,
4895,69,
4896,62,
4897,64,
4898,61,
4899,71,
4900,76,
4901,76,
4902,73,
4903,93,
4904,108,
4905,116,
4906,105,
4907,106,
4908,112,
4909,113,
4910,109,
4911,114,
4912,111,
4913,111,
4914,110,
4915,121,
4916,134,
4917,136,
4918,171,
4919,173,
4920,174,
4921,174,
4922,175,
4923,178,
4924,175,
4925,183,
4926,185,
4927,189,
4928,187,
4929,187,
4930,172,
4931,172,
4932,168,
4933,167,
4934,156,
4935,148,
4936,153,
4937,154,
4938,156,
4939,155,
4940,159,
4941,160,
4942,171,
4943,176,
4944,169,
4945,176,
4946,179,
4947,178,
4948,172,
4949,174,
4950,173,
4951,177,
4952,181,
4953,175,
4954,191,
4955,193,
4956,191,
4957,181,
4958,181,
4959,161,
4960,150,
4961,159,
4962,147,
4963,131,
4964,133,
4965,165,
4966,130,
4967,136,
4968,142,
4969,182,
4970,175,
4971,183,
4972,186,
4973,187,
4974,137,
4975,151,
4976,167,
4977,190,
4978,142,
4979,163,
4980,151,
4981,155,
4982,146,
4983,153,
4984,156,
4985,158,
4986,152,
4987,135,
4988,137,
4989,192,
4990,194,
4991,181,
4992,148,
4993,146,
4994,141,
4995,144,
4996,138,
4997,183,
4998,181,
4999,163,
5000,144,
5001,149,
5002,158,
5003,150,
5004,144,
5005,185,
5006,147,
5007,155,
5008,162,
5009,158,
5010,157,
5011,165,
5012,159,
5013,154,
5014,151,
5015,139,
5016,143,
5017,155,
5018,143,
5019,142,
5020,170,
5021,153,
5022,144,
5023,145,
5024,147,
5025,123,
5026,177,
5027,141,
5028,158,
5029,131,
5030,153,
5031,147,
5032,159,
5033,144,
5034,167,
5035,148,
5036,166,
5037,174,
5038,152,
5039,177,
5040,159,
5041,155,
5042,143,
5043,130,
5044,158,
5045,140,
5046,134,
5047,206,
5048,140,
5049,144,
5050,130,
5051,120,
5052,160,
5053,193,
5054,147,
5055,156,
5056,193,
5057,154,
5058,186,
5059,172,
5060,189,
5061,140,
5062,133,
5063,189,
5064,180,
5065,125,
5066,171,
5067,59,
5068,47,
5069,135,
5070,137,
5071,182,
5072,135,
5073,183,
5074,166,
5075,140,
5076,180,
5077,185,
5078,136,
5079,159,
5080,145,
5081,157,
5082,132,
5083,125,
5084,141,
5085,114,
5086,131,
5087,135,
5088,155,
5089,140,
5090,187,
5091,188,
5092,140,
5093,185,
5094,145,
5095,159,
5096,144,
5097,172,
5098,128,
5099,128,
5100,122,
5101,117,
5102,146,
5103,142,
5104,138,
5105,142,
5106,162,
5107,147,
5108,63,
5109,65,
5110,50,
5111,138,
5112,182,
5113,184,
5114,193,
5115,195,
5116,185,
5117,183,
5118,199,
5119,125,
5120,140,
5121,165,
5122,181,
5123,134,
5124,149,
5125,201,
5126,198,
5127,143,
5128,184,
5129,203,
5130,183,
5131,170,
5132,201,
5133,181,
5134,195,
5135,162,
5136,134,
5137,134,
5138,174,
5139,174,
5140,181,
5141,185,
5142,168,
5143,167,
5144,142,
5145,157,
5146,114,
5147,117,
5148,140,
5149,156,
5150,148,
5151,145,
5152,118,
5153,152,
5154,133,
5155,142,
5156,186,
5157,147,
5158,163,
5159,151,
5160,144,
5161,128,
5162,170,
5163,166,
5164,151,
5165,127,
5166,167,
5167,134,
5168,118,
5169,195,
5170,186,
5171,136,
5172,129,
5173,191,
5174,140,
5175,174,
5176,134,
5177,127,
5178,125,
5179,177,
5180,170,
5181,160,
5182,147,
5183,184,
5184,155,
5185,168,
5186,195,
5187,154,
5188,127,
5189,184,
5190,121,
5191,140,
5192,163,
5193,121,
5194,156,
5195,114,
5196,117,
5197,149,
5198,148,
5199,120,
5200,143,
5201,144,
5202,155,
5203,139,
5204,180,
5205,161,
5206,159,
5207,144,
5208,146,
5209,196,
5210,145,
5211,134,
5212,186,
5213,144,
5214,136,
5215,188,
5216,175,
5217,135,
5218,136,
5219,140,
5220,174,
5221,125,
5222,173,
5223,128,
5224,133,
5225,147,
5226,158,
5227,142,
5228,133,
5229,128,
5230,143,
5231,134,
5232,128,
5233,129,
5234,135,
5235,131,
5236,144,
5237,138,
5238,148,
5239,145,
5240,153,
5241,135,
5242,136,
5243,120,
5244,151,
5245,129,
5246,151,
5247,144,
5248,36,
5249,46,
5250,175,
5251,181,
5252,141,
5253,180,
5254,110,
5255,140,
5256,140,
5257,106,
5258,143,
5259,146,
5260,152,
5261,151,
5262,135,
5263,150,
5264,161,
5265,146,
5266,191,
5267,145,
5268,191,
5269,183,
5270,167,
5271,141,
5272,145,
5273,117,
5274,131,
5275,125,
5276,136,
5277,131,
5278,140,
5279,181,
5280,184,
5281,176,
5282,165,
5283,187,
5284,199,
5285,186,
5286,167,
5287,161,
5288,152,
5289,142,
5290,118,
5291,124,
5292,112,
5293,146,
5294,139,
5295,181,
5296,123,
5297,134,
5298,148,
5299,164,
5300,148,
5301,157,
5302,128,
5303,130,
5304,129,
5305,104,
5306,105,
5307,142,
5308,150,
5309,193,
5310,202,
5311,193,
5312,189,
5313,185,
5314,179,
5315,169,
5316,166,
5317,201,
5318,190,
5319,192,
5320,166,
5321,152,
5322,147,
5323,202,
5324,209,
5325,190,
5326,202,
5327,191,
5328,132,
5329,195,
5330,159,
5331,134,
5332,147,
5333,139,
5334,165,
5335,194,
5336,181,
5337,143,
5338,133,
5339,137,
5340,183,
5341,127,
5342,119,
5343,176,
5344,112,
5345,120,
5346,116,
5347,108,
5348,107,
5349,121,
5350,191,
5351,153,
5352,147,
5353,143,
5354,136,
5355,140,
5356,134,
5357,139,
5358,139,
5359,143,
5360,129,
5361,129,
5362,130,
5363,136,
5364,130,
5365,126,
5366,125,
5367,140,
5368,145,
5369,154,
5370,157,
5371,159,
5372,164,
5373,159,
5374,143,
5375,140,
5376,148,
5377,143,
5378,126,
5379,118,
5380,116,
5381,111,
5382,112,
5383,117,
5384,113,
5385,139,
5386,137,
5387,128,
5388,128,
5389,134,
5390,125,
5391,126,
5392,119,
5393,120,
5394,131,
5395,135,
5396,134,
5397,130,
5398,138,
5399,137,
5400,118,
5401,126,
5402,129,
5403,133,
5404,147,
5405,152,
5406,125,
5407,159,
5408,135,
5409,162,
5410,158,
5411,156,
5412,164,
5413,191,
5414,188,
5415,195,
5416,174,
5417,179,
5418,180,
5419,183,
5420,192,
5421,207,
5422,183,
5423,210,
5424,205,
5425,195,
5426,202,
5427,201,
5428,203,
5429,201,
5430,173,
5431,136,
5432,130,
5433,190,
5434,188,
5435,180,
5436,185,
5437,168,
5438,172,
5439,202,
5440,175,
5441,178,
5442,158,
5443,135,
5444,153,
5445,130,
5446,201,
5447,189,
5448,172,
5449,130,
5450,176,
5451,140,
5452,126,
5453,170,
5454,136,
5455,161,
5456,135,
5457,175,
5458,165,
5459,150,
5460,155,
5461,128,
5462,183,
5463,183,
5464,183,
5465,181,
5466,157,
5467,148,
5468,139,
5469,139,
5470,154,
5471,147,
5472,117,
5473,146,
5474,149,
5475,122,
5476,173,
5477,162,
5478,124,
5479,188,
5480,170,
5481,182,
5482,175,
5483,170,
5484,173,
5485,173,
5486,129,
5487,136,
5488,131,
5489,154,
5490,151,
5491,144,
5492,146,
5493,133,
5494,186,
5495,200,
5496,192,
5497,197,
5498,189,
5499,194,
5500,189,
5501,197,
5502,192,
5503,185,
5504,182,
5505,188,
5506,172,
5507,181,
5508,194,
5509,168,
5510,165,
5511,171,
5512,148,
5513,147,
5514,152,
5515,153,
5516,157,
5517,146,
5518,185,
5519,190,
5520,191,
5521,200,
5522,142,
5523,152,
5524,166,
5525,176,
5526,168,
5527,162,
5528,204,
5529,196,
5530,197,
5531,171,
5532,193,
5533,154,
5534,143,
5535,146,
5536,156,
5537,156,
5538,156,
5539,162,
5540,157,
5541,154,
5542,159,
5543,147,
5544,149,
5545,150,
5546,167,
5547,163,
5548,162,
5549,143,
5550,149,
5551,158,
5552,171,
5553,173,
5554,173,
5555,169,
5556,176,
5557,175,
5558,176,
5559,161,
5560,168,
5561,169,
5562,172,
5563,169,
5564,170,
5565,171,
5566,181,
5567,192,
5568,190,
5569,186,
5570,181,
5571,172,
5572,185,
5573,187,
5574,192,
5575,200,
5576,192,
5577,165,
5578,170,
5579,184,
5580,180,
5581,181,
5582,165,
5583,169,
5584,171,
5585,168,
5586,170,
5587,169,
5588,176,
5589,163,
5590,165,
5591,182,
5592,191,
5593,143,
5594,167,
5595,169,
5596,179,
5597,181,
5598,179,
5599,183,
5600,186,
5601,191,
5602,179,
5603,169,
5604,170,
5605,184,
5606,166,
5607,185,
5608,200,
5609,199,
